calibration_target,setting,public_dataset,seed,method,rank,PICP,PINAW,Winkler,RMSE,MAE,R2,params,best_lambda,posthoc_calibration,baseline_common_calibration,calibration_q_scaled,calib_val_picp_before,calib_val_picp_after,time_s,stage1_cache_time_s,stage2_time_s,dpr_cache_status
0.8,common_validation_conformal_080,WPF-SCADA,42,Proposed model,1,0.7969356486210418,0.1662415862083435,455.6064453125,173.8644561767578,107.008056640625,0.8862262964248657,9971,0.15,conformal,,0.0,0.8110316649642493,0.8110316649642493,1436.1862614154816,0.009586811065673828,1436.1747877597809,hit
0.8,common_validation_conformal_080,WPF-SCADA,42,MLP-QR,5,0.8016343207354444,0.17209599912166595,606.5078125,180.2486114501953,111.0486831665039,0.8777175545692444,2021,,,conformal,0.0,0.8028600612870276,0.8028600612870276,1436.1862614154816,0.009586811065673828,1436.1747877597809,hit
0.8,common_validation_conformal_080,WPF-SCADA,42,LSTM-QR,3,0.8257405515832482,0.18827229738235474,564.4141845703125,177.0843963623047,109.99139404296875,0.881973147392273,9285,,,conformal,0.0,0.8345250255362615,0.8345250255362615,1436.1862614154816,0.009586811065673828,1436.1747877597809,hit
0.8,common_validation_conformal_080,WPF-SCADA,42,GRU-QR,2,0.8181818181818182,0.182221919298172,546.1187744140625,174.16317749023438,108.8166275024414,0.8858350515365601,7173,,,conformal,0.0,0.8232890704800817,0.8232890704800817,1436.1862614154816,0.009586811065673828,1436.1747877597809,hit
0.8,common_validation_conformal_080,WPF-SCADA,42,CNN-QR,7,0.7946884576098059,0.1951104700565338,656.227783203125,189.501953125,117.20431518554688,0.8648402094841003,3525,,,conformal,0.004188835620880127,0.7926455566905005,0.8008171603677222,1436.1862614154816,0.009586811065673828,1436.1747877597809,hit
0.8,common_validation_conformal_080,WPF-SCADA,42,Transformer-QR,4,0.7967313585291114,0.17532320320606232,606.2755126953125,181.52723693847656,111.82592010498047,0.8759765625,17925,,,conformal,0.0,0.8232890704800817,0.8232890704800817,1436.1862614154816,0.009586811065673828,1436.1747877597809,hit
0.8,common_validation_conformal_080,WPF-SCADA,42,SQR,6,0.7662921348314606,0.1537955403327942,651.0233764648438,183.7512969970703,113.02693939208984,0.8729189038276672,1921,,,conformal,0.013519048690795898,0.7742594484167518,0.8008171603677222,1436.1862614154816,0.009586811065673828,1436.1747877597809,hit
0.8,common_validation_conformal_080,WPF-SCADA,42,LUBE-NN,9,0.7387129724208376,0.2610172629356384,735.5060424804688,226.25839233398438,194.0247802734375,0.8073230981826782,2021,,,conformal,0.3658595681190491,0.0040858018386108275,0.8008171603677222,1436.1862614154816,0.009586811065673828,1436.1747877597809,hit
0.8,common_validation_conformal_080,WPF-SCADA,42,RQR-MLP,10,0.9752808988764045,0.401552677154541,737.6886596679688,173.747314453125,108.98225402832031,0.886379599571228,2021,,,conformal,0.0,0.992849846782431,0.992849846782431,1436.1862614154816,0.009586811065673828,1436.1747877597809,hit
0.8,common_validation_conformal_080,WPF-SCADA,42,KDE,8,0.7850868232890705,0.18169882893562317,679.8078002929688,182.75369262695312,113.71244812011719,0.8742949962615967,0,,,conformal,0.0,0.8008171603677222,0.8008171603677222,1436.1862614154816,0.009586811065673828,1436.1747877597809,hit
0.84,common_validation_conformal_084,WPF-SCADA,42,Proposed model,1,0.8375893769152196,0.17844156920909882,457.64556884765625,173.8644561767578,107.008056640625,0.8862262964248657,9971,0.15,conformal,,0.017156347632408142,0.8110316649642493,0.8416751787538305,1436.1862614154816,0.009586811065673828,1436.1747877597809,hit
0.84,common_validation_conformal_084,WPF-SCADA,42,MLP-QR,5,0.8243105209397344,0.1882169246673584,608.5430297851562,180.2486114501953,111.0486831665039,0.8777175545692444,2021,,,conformal,0.02267022430896759,0.8028600612870276,0.8416751787538305,1436.1862614154816,0.009586811065673828,1436.1747877597809,hit
0.84,common_validation_conformal_084,WPF-SCADA,42,LSTM-QR,3,0.8318692543411644,0.19268065690994263,565.5240478515625,177.0843963623047,109.99139404296875,0.881973147392273,9285,,,conformal,0.006199300289154053,0.8345250255362615,0.8416751787538305,1436.1862614154816,0.009586811065673828,1436.1747877597809,hit
0.84,common_validation_conformal_084,WPF-SCADA,42,GRU-QR,2,0.8379979570990806,0.19421526789665222,549.1820068359375,174.16317749023438,108.8166275024414,0.8858350515365601,7173,,,conformal,0.016865745186805725,0.8232890704800817,0.8416751787538305,1436.1862614154816,0.009586811065673828,1436.1747877597809,hit
0.84,common_validation_conformal_084,WPF-SCADA,42,CNN-QR,7,0.8189989785495404,0.21328191459178925,657.3956909179688,189.501953125,117.20431518554688,0.8648402094841003,3525,,,conformal,0.029742568731307983,0.7926455566905005,0.8416751787538305,1436.1862614154816,0.009586811065673828,1436.1747877597809,hit
0.84,common_validation_conformal_084,WPF-SCADA,42,Transformer-QR,4,0.8061287027579163,0.1830887794494629,606.4000244140625,181.52723693847656,111.82592010498047,0.8759765625,17925,,,conformal,0.010920405387878418,0.8232890704800817,0.8416751787538305,1436.1862614154816,0.009586811065673828,1436.1747877597809,hit
0.84,common_validation_conformal_084,WPF-SCADA,42,SQR,6,0.797344228804903,0.1719156801700592,648.2085571289062,183.7512969970703,113.02693939208984,0.8729189038276672,1921,,,conformal,0.039000675082206726,0.7742594484167518,0.8416751787538305,1436.1862614154816,0.009586811065673828,1436.1747877597809,hit
0.84,common_validation_conformal_084,WPF-SCADA,42,LUBE-NN,9,0.8057201225740551,0.2885652482509613,729.556884765625,226.25839233398438,194.0247802734375,0.8073230981826782,2021,,,conformal,0.4045991897583008,0.0040858018386108275,0.8406537282941777,1436.1862614154816,0.009586811065673828,1436.1747877597809,hit
0.84,common_validation_conformal_084,WPF-SCADA,42,RQR-MLP,10,0.9752808988764045,0.401552677154541,737.6886596679688,173.747314453125,108.98225402832031,0.886379599571228,2021,,,conformal,0.0,0.992849846782431,0.992849846782431,1436.1862614154816,0.009586811065673828,1436.1747877597809,hit
0.84,common_validation_conformal_084,WPF-SCADA,42,KDE,8,0.8153217568947906,0.20296084880828857,679.8465576171875,182.75369262695312,113.71244812011719,0.8742949962615967,0,,,conformal,0.029899895191192627,0.8008171603677222,0.8416751787538305,1436.1862614154816,0.009586811065673828,1436.1747877597809,hit
0.86,common_validation_conformal_086,WPF-SCADA,42,Proposed model,1,0.8553626149131767,0.18546710908412933,460.5230712890625,173.8644561767578,107.008056640625,0.8862262964248657,9971,0.15,conformal,,0.02703613042831421,0.8110316649642493,0.8610827374872319,1436.1862614154816,0.009586811065673828,1436.1747877597809,hit
0.86,common_validation_conformal_086,WPF-SCADA,42,MLP-QR,5,0.839632277834525,0.19991926848888397,611.7904052734375,180.2486114501953,111.0486831665039,0.8777175545692444,2021,,,conformal,0.039126768708229065,0.8028600612870276,0.8610827374872319,1436.1862614154816,0.009586811065673828,1436.1747877597809,hit
0.86,common_validation_conformal_086,WPF-SCADA,42,LSTM-QR,3,0.8469867211440245,0.2038695514202118,569.4173583984375,177.0843963623047,109.99139404296875,0.881973147392273,9285,,,conformal,0.021933794021606445,0.8345250255362615,0.8610827374872319,1436.1862614154816,0.009586811065673828,1436.1747877597809,hit
0.86,common_validation_conformal_086,WPF-SCADA,42,GRU-QR,2,0.8492339121552605,0.20188620686531067,552.1554565429688,174.16317749023438,108.8166275024414,0.8858350515365601,7173,,,conformal,0.027653098106384277,0.8232890704800817,0.8610827374872319,1436.1862614154816,0.009586811065673828,1436.1747877597809,hit
0.86,common_validation_conformal_086,WPF-SCADA,42,CNN-QR,7,0.8379979570990806,0.2291330248117447,661.6420288085938,189.501953125,117.20431518554688,0.8648402094841003,3525,,,conformal,0.05203339457511902,0.7926455566905005,0.8610827374872319,1436.1862614154816,0.009586811065673828,1436.1747877597809,hit
0.86,common_validation_conformal_086,WPF-SCADA,42,Transformer-QR,4,0.8216547497446374,0.1957552582025528,608.0650024414062,181.52723693847656,111.82592010498047,0.8759765625,17925,,,conformal,0.028732791543006897,0.8232890704800817,0.8610827374872319,1436.1862614154816,0.009586811065673828,1436.1747877597809,hit
0.86,common_validation_conformal_086,WPF-SCADA,42,SQR,6,0.8161389172625128,0.18669737875461578,649.1796875,183.7512969970703,113.02693939208984,0.8729189038276672,1921,,,conformal,0.059787601232528687,0.7742594484167518,0.8610827374872319,1436.1862614154816,0.009586811065673828,1436.1747877597809,hit
0.86,common_validation_conformal_086,WPF-SCADA,42,LUBE-NN,9,0.8204290091930542,0.2974622845649719,730.5726318359375,226.25839233398438,194.0247802734375,0.8073230981826782,2021,,,conformal,0.41711074113845825,0.0040858018386108275,0.8610827374872319,1436.1862614154816,0.009586811065673828,1436.1747877597809,hit
0.86,common_validation_conformal_086,WPF-SCADA,42,RQR-MLP,10,0.9752808988764045,0.401552677154541,737.6886596679688,173.747314453125,108.98225402832031,0.886379599571228,2021,,,conformal,0.0,0.992849846782431,0.992849846782431,1436.1862614154816,0.009586811065673828,1436.1747877597809,hit
0.86,common_validation_conformal_086,WPF-SCADA,42,KDE,8,0.827170582226762,0.21518245339393616,682.1519775390625,182.75369262695312,113.71244812011719,0.8742949962615967,0,,,conformal,0.04708665609359741,0.8008171603677222,0.8610827374872319,1436.1862614154816,0.009586811065673828,1436.1747877597809,hit
0.88,common_validation_conformal_088,WPF-SCADA,42,Proposed model,1,0.8717058222676201,0.1940990686416626,465.3922424316406,173.8644561767578,107.008056640625,0.8862262964248657,9971,0.15,conformal,,0.039174884557724,0.8110316649642493,0.881511746680286,1436.1862614154816,0.009586811065673828,1436.1747877597809,hit
0.88,common_validation_conformal_088,WPF-SCADA,42,MLP-QR,5,0.861491317671093,0.22136588394641876,621.3499755859375,180.2486114501953,111.0486831665039,0.8777175545692444,2021,,,conformal,0.0692862868309021,0.8028600612870276,0.881511746680286,1436.1862614154816,0.009586811065673828,1436.1747877597809,hit
0.88,common_validation_conformal_088,WPF-SCADA,42,LSTM-QR,3,0.8612870275791624,0.21680235862731934,575.4854736328125,177.0843963623047,109.99139404296875,0.881973147392273,9285,,,conformal,0.0401206910610199,0.8345250255362615,0.881511746680286,1436.1862614154816,0.009586811065673828,1436.1747877597809,hit
0.88,common_validation_conformal_088,WPF-SCADA,42,GRU-QR,2,0.8653728294177733,0.21659743785858154,559.5382690429688,174.16317749023438,108.8166275024414,0.8858350515365601,7173,,,conformal,0.04834091663360596,0.8232890704800817,0.881511746680286,1436.1862614154816,0.009586811065673828,1436.1747877597809,hit
0.88,common_validation_conformal_088,WPF-SCADA,42,CNN-QR,7,0.8574055158324821,0.24998925626277924,670.5839233398438,189.501953125,117.20431518554688,0.8648402094841003,3525,,,conformal,0.08136263489723206,0.7926455566905005,0.881511746680286,1436.1862614154816,0.009586811065673828,1436.1747877597809,hit
0.88,common_validation_conformal_088,WPF-SCADA,42,Transformer-QR,4,0.8400408580183861,0.2085750699043274,611.61376953125,181.52723693847656,111.82592010498047,0.8759765625,17925,,,conformal,0.046760767698287964,0.8232890704800817,0.881511746680286,1436.1862614154816,0.009586811065673828,1436.1747877597809,hit
0.88,common_validation_conformal_088,WPF-SCADA,42,SQR,6,0.844126659856997,0.21352528035640717,656.361572265625,183.7512969970703,113.02693939208984,0.8729189038276672,1921,,,conformal,0.09751459956169128,0.7742594484167518,0.881511746680286,1436.1862614154816,0.009586811065673828,1436.1747877597809,hit
0.88,common_validation_conformal_088,WPF-SCADA,42,LUBE-NN,9,0.8416751787538305,0.31095343828201294,734.1176147460938,226.25839233398438,194.0247802734375,0.8073230981826782,2021,,,conformal,0.43608278036117554,0.0040858018386108275,0.881511746680286,1436.1862614154816,0.009586811065673828,1436.1747877597809,hit
0.88,common_validation_conformal_088,WPF-SCADA,42,RQR-MLP,10,0.9752808988764045,0.401552677154541,737.6886596679688,173.747314453125,108.98225402832031,0.886379599571228,2021,,,conformal,0.0,0.992849846782431,0.992849846782431,1436.1862614154816,0.009586811065673828,1436.1747877597809,hit
0.88,common_validation_conformal_088,WPF-SCADA,42,KDE,8,0.8402451481103167,0.23034557700157166,686.6956787109375,182.75369262695312,113.71244812011719,0.8742949962615967,0,,,conformal,0.0684099793434143,0.8008171603677222,0.881511746680286,1436.1862614154816,0.009586811065673828,1436.1747877597809,hit
0.8,common_validation_conformal_080,Longyuan-SCADA,42,Proposed model,1,0.7468523464326593,0.24014055728912354,80.59534454345703,24.28685188293457,16.75912094116211,0.771898627281189,4373,0.45,conformal,,0.0003956705331802368,0.7998093422306959,0.8007626310772163,851.8960454463959,0.007487773895263672,851.8871998786926,hit
0.8,common_validation_conformal_080,Longyuan-SCADA,42,MLP-QR,3,0.7491415490270888,0.19236643612384796,87.52243041992188,24.31342315673828,15.523334503173828,0.771399199962616,1829,,,conformal,0.07539807260036469,0.7283126787416587,0.8007626310772163,851.8960454463959,0.007487773895263672,851.8871998786926,hit
0.8,common_validation_conformal_080,Longyuan-SCADA,42,LSTM-QR,4,0.6625333842045021,0.1536254584789276,91.59981536865234,24.41715431213379,15.341861724853516,0.769444465637207,9093,,,conformal,0.0,0.8102955195424214,0.8102955195424214,851.8960454463959,0.007487773895263672,851.8871998786926,hit
0.8,common_validation_conformal_080,Longyuan-SCADA,42,GRU-QR,6,0.6690194582220527,0.1562657207250595,94.27265930175781,24.430452346801758,15.35573959350586,0.7691932320594788,6981,,,conformal,0.003612309694290161,0.7988560533841754,0.8007626310772163,851.8960454463959,0.007487773895263672,851.8871998786926,hit
0.8,common_validation_conformal_080,Longyuan-SCADA,42,CNN-QR,8,0.7340709652804274,0.19523675739765167,96.45264434814453,24.631921768188477,15.554181098937988,0.765370786190033,3525,,,conformal,0.0,0.8083889418493804,0.8083889418493804,851.8960454463959,0.007487773895263672,851.8871998786926,hit
0.8,common_validation_conformal_080,Longyuan-SCADA,42,Transformer-QR,2,0.7258679893170545,0.2113642394542694,86.31968688964844,25.194305419921875,15.887709617614746,0.7545346021652222,17733,,,conformal,0.037228554487228394,0.7559580552907531,0.8007626310772163,851.8960454463959,0.007487773895263672,851.8871998786926,hit
0.8,common_validation_conformal_080,Longyuan-SCADA,42,SQR,10,0.675123998473865,0.15339039266109467,100.0593490600586,26.73143196105957,17.034332275390625,0.7236688137054443,1729,,,conformal,0.1066393107175827,0.665395614871306,0.8007626310772163,851.8960454463959,0.007487773895263672,851.8871998786926,hit
0.8,common_validation_conformal_080,Longyuan-SCADA,42,LUBE-NN,9,0.7258679893170545,0.18565016984939575,97.37798309326172,24.319990158081055,15.301006317138672,0.7712756991386414,1829,,,conformal,0.3218051791191101,0.00667302192564347,0.8007626310772163,851.8960454463959,0.007487773895263672,851.8871998786926,hit
0.8,common_validation_conformal_080,Longyuan-SCADA,42,RQR-MLP,5,0.9303700877527661,0.40282854437828064,93.38450622558594,25.857723236083984,17.202842712402344,0.7414371967315674,1829,,,conformal,0.0,0.9475691134413727,0.9475691134413727,851.8960454463959,0.007487773895263672,851.8871998786926,hit
0.8,common_validation_conformal_080,Longyuan-SCADA,42,KDE,7,0.7531476535673407,0.21440955996513367,95.86732482910156,24.402912139892578,15.2567720413208,0.7697133421897888,0,,,conformal,0.0,0.8198284080076264,0.8198284080076264,851.8960454463959,0.007487773895263672,851.8871998786926,hit
0.84,common_validation_conformal_084,Longyuan-SCADA,42,Proposed model,1,0.7760396795116368,0.25127333402633667,80.18146514892578,24.28685188293457,16.75912094116211,0.771898627281189,4373,0.45,conformal,,0.019768834114074707,0.7998093422306959,0.8408007626310772,851.8960454463959,0.007487773895263672,851.8871998786926,hit
0.84,common_validation_conformal_084,Longyuan-SCADA,42,MLP-QR,3,0.7909194963754292,0.22428667545318604,86.57793426513672,24.31342315673828,15.523334503173828,0.771399199962616,1829,,,conformal,0.13094526529312134,0.7283126787416587,0.8408007626310772,851.8960454463959,0.007487773895263672,851.8871998786926,hit
0.84,common_validation_conformal_084,Longyuan-SCADA,42,LSTM-QR,4,0.7233880198397559,0.18253803253173828,88.54248809814453,24.41715431213379,15.341861724853516,0.769444465637207,9093,,,conformal,0.05031326413154602,0.8102955195424214,0.8408007626310772,851.8960454463959,0.007487773895263672,851.8871998786926,hit
0.84,common_validation_conformal_084,Longyuan-SCADA,42,GRU-QR,5,0.7249141549027089,0.18756720423698425,91.1334457397461,24.430452346801758,15.35573959350586,0.7691932320594788,6981,,,conformal,0.058082759380340576,0.7988560533841754,0.8408007626310772,851.8960454463959,0.007487773895263672,851.8871998786926,hit
0.84,common_validation_conformal_084,Longyuan-SCADA,42,CNN-QR,8,0.7665013353681801,0.22477345168590546,94.98553466796875,24.631921768188477,15.554181098937988,0.765370786190033,3525,,,conformal,0.051399439573287964,0.8083889418493804,0.8408007626310772,851.8960454463959,0.007487773895263672,851.8871998786926,hit
0.84,common_validation_conformal_084,Longyuan-SCADA,42,Transformer-QR,2,0.7752766119801603,0.23321719467639923,85.26397705078125,25.194305419921875,15.887709617614746,0.7545346021652222,17733,,,conformal,0.07525679469108582,0.7559580552907531,0.8408007626310772,851.8960454463959,0.007487773895263672,851.8871998786926,hit
0.84,common_validation_conformal_084,Longyuan-SCADA,42,SQR,10,0.7241510873712323,0.18343721330165863,97.07814025878906,26.73143196105957,17.034332275390625,0.7236688137054443,1729,,,conformal,0.15892641246318817,0.665395614871306,0.8408007626310772,851.8960454463959,0.007487773895263672,851.8871998786926,hit
0.84,common_validation_conformal_084,Longyuan-SCADA,42,LUBE-NN,7,0.767836703548264,0.23186151683330536,94.890380859375,24.319990158081055,15.301006317138672,0.7712756991386414,1829,,,conformal,0.40222159028053284,0.00667302192564347,0.8408007626310772,851.8960454463959,0.007487773895263672,851.8871998786926,hit
0.84,common_validation_conformal_084,Longyuan-SCADA,42,RQR-MLP,6,0.9303700877527661,0.40282854437828064,93.38450622558594,25.857723236083984,17.202842712402344,0.7414371967315674,1829,,,conformal,0.0,0.9475691134413727,0.9475691134413727,851.8960454463959,0.007487773895263672,851.8871998786926,hit
0.84,common_validation_conformal_084,Longyuan-SCADA,42,KDE,9,0.7687905379626097,0.22988101840019226,95.26223754882812,24.402912139892578,15.2567720413208,0.7697133421897888,0,,,conformal,0.026923269033432007,0.8198284080076264,0.8408007626310772,851.8960454463959,0.007487773895263672,851.8871998786926,hit
0.86,common_validation_conformal_086,Longyuan-SCADA,42,Proposed model,1,0.7947348340328119,0.25883835554122925,80.08389282226562,24.28685188293457,16.75912094116211,0.771898627281189,4373,0.45,conformal,,0.03293338418006897,0.7998093422306959,0.8608198284080076,851.8960454463959,0.007487773895263672,851.8871998786926,hit
0.86,common_validation_conformal_086,Longyuan-SCADA,42,MLP-QR,3,0.8117130866081648,0.24686798453330994,86.62960052490234,24.31342315673828,15.523334503173828,0.771399199962616,1829,,,conformal,0.17024099826812744,0.7283126787416587,0.8608198284080076,851.8960454463959,0.007487773895263672,851.8871998786926,hit
0.86,common_validation_conformal_086,Longyuan-SCADA,42,LSTM-QR,4,0.7455169782525753,0.19462312757968903,87.75144958496094,24.41715431213379,15.341861724853516,0.769444465637207,9093,,,conformal,0.07134360074996948,0.8102955195424214,0.8608198284080076,851.8960454463959,0.007487773895263672,851.8871998786926,hit
0.86,common_validation_conformal_086,Longyuan-SCADA,42,GRU-QR,5,0.7539107210988173,0.20806580781936646,89.89010620117188,24.430452346801758,15.35573959350586,0.7691932320594788,6981,,,conformal,0.09375420212745667,0.7988560533841754,0.8608198284080076,851.8960454463959,0.007487773895263672,851.8871998786926,hit
0.86,common_validation_conformal_086,Longyuan-SCADA,42,CNN-QR,7,0.7941625333842045,0.25489822030067444,94.37203216552734,24.631921768188477,15.554181098937988,0.765370786190033,3525,,,conformal,0.10382217168807983,0.8083889418493804,0.8608198284080076,851.8960454463959,0.007487773895263672,851.8871998786926,hit
0.86,common_validation_conformal_086,Longyuan-SCADA,42,Transformer-QR,2,0.7993132392216711,0.24700438976287842,85.08548736572266,25.194305419921875,15.887709617614746,0.7545346021652222,17733,,,conformal,0.09924906492233276,0.7559580552907531,0.8608198284080076,851.8960454463959,0.007487773895263672,851.8871998786926,hit
0.86,common_validation_conformal_086,Longyuan-SCADA,42,SQR,10,0.7445631438382296,0.2019679993391037,95.84523010253906,26.73143196105957,17.034332275390625,0.7236688137054443,1729,,,conformal,0.19117341935634613,0.665395614871306,0.8608198284080076,851.8960454463959,0.007487773895263672,851.8871998786926,hit
0.86,common_validation_conformal_086,Longyuan-SCADA,42,LUBE-NN,8,0.7886302937809996,0.25409001111984253,94.40058898925781,24.319990158081055,15.301006317138672,0.7712756991386414,1829,,,conformal,0.44090333580970764,0.00667302192564347,0.8608198284080076,851.8960454463959,0.007487773895263672,851.8871998786926,hit
0.86,common_validation_conformal_086,Longyuan-SCADA,42,RQR-MLP,6,0.9303700877527661,0.40282854437828064,93.38450622558594,25.857723236083984,17.202842712402344,0.7414371967315674,1829,,,conformal,0.0,0.9475691134413727,0.9475691134413727,851.8960454463959,0.007487773895263672,851.8871998786926,hit
0.86,common_validation_conformal_086,Longyuan-SCADA,42,KDE,9,0.7871041587180465,0.25348183512687683,94.74068450927734,24.402912139892578,15.2567720413208,0.7697133421897888,0,,,conformal,0.06799307465553284,0.8198284080076264,0.8608198284080076,851.8960454463959,0.007487773895263672,851.8871998786926,hit
0.88,common_validation_conformal_088,Longyuan-SCADA,42,Proposed model,1,0.8264021365890881,0.2708008587360382,80.23011016845703,24.28685188293457,16.75912094116211,0.771898627281189,4373,0.45,conformal,,0.05375027656555176,0.7998093422306959,0.880838894184938,851.8960454463959,0.007487773895263672,851.8871998786926,hit
0.88,common_validation_conformal_088,Longyuan-SCADA,42,MLP-QR,4,0.8363220144982831,0.2749379873275757,87.34432220458984,24.31342315673828,15.523334503173828,0.771399199962616,1829,,,conformal,0.2190880924463272,0.7283126787416587,0.880838894184938,851.8960454463959,0.007487773895263672,851.8871998786926,hit
0.88,common_validation_conformal_088,Longyuan-SCADA,42,LSTM-QR,3,0.7855780236550934,0.22661879658699036,86.70616912841797,24.41715431213379,15.341861724853516,0.769444465637207,9093,,,conformal,0.12702208757400513,0.8102955195424214,0.880838894184938,851.8960454463959,0.007487773895263672,851.8871998786926,hit
0.88,common_validation_conformal_088,Longyuan-SCADA,42,GRU-QR,5,0.7897748950782144,0.23391114175319672,89.19020080566406,24.430452346801758,15.35573959350586,0.7691932320594788,6981,,,conformal,0.13872990012168884,0.7988560533841754,0.880838894184938,851.8960454463959,0.007487773895263672,851.8871998786926,hit
0.88,common_validation_conformal_088,Longyuan-SCADA,42,CNN-QR,8,0.8243037008775277,0.2899447977542877,94.71156311035156,24.631921768188477,15.554181098937988,0.765370786190033,3525,,,conformal,0.16480982303619385,0.8083889418493804,0.880838894184938,851.8960454463959,0.007487773895263672,851.8871998786926,hit
0.88,common_validation_conformal_088,Longyuan-SCADA,42,Transformer-QR,2,0.8384204502098436,0.2856481671333313,85.85469818115234,25.194305419921875,15.887709617614746,0.7545346021652222,17733,,,conformal,0.16649648547172546,0.7559580552907531,0.880838894184938,851.8960454463959,0.007487773895263672,851.8871998786926,hit
0.88,common_validation_conformal_088,Longyuan-SCADA,42,SQR,9,0.7745135444486837,0.22969309985637665,94.73351287841797,26.73143196105957,17.034332275390625,0.7236688137054443,1729,,,conformal,0.2394203096628189,0.665395614871306,0.880838894184938,851.8960454463959,0.007487773895263672,851.8871998786926,hit
0.88,common_validation_conformal_088,Longyuan-SCADA,42,LUBE-NN,7,0.8241129339946586,0.2950275242328644,94.62906646728516,24.319990158081055,15.301006317138672,0.7712756991386414,1829,,,conformal,0.5121423006057739,0.00667302192564347,0.880838894184938,851.8960454463959,0.007487773895263672,851.8871998786926,hit
0.88,common_validation_conformal_088,Longyuan-SCADA,42,RQR-MLP,6,0.9303700877527661,0.40282854437828064,93.38450622558594,25.857723236083984,17.202842712402344,0.7414371967315674,1829,,,conformal,0.0,0.9475691134413727,0.9475691134413727,851.8960454463959,0.007487773895263672,851.8871998786926,hit
0.88,common_validation_conformal_088,Longyuan-SCADA,42,KDE,10,0.8229683326974437,0.29160186648368835,94.96394348144531,24.402912139892578,15.2567720413208,0.7697133421897888,0,,,conformal,0.13432911038398743,0.8198284080076264,0.880838894184938,851.8960454463959,0.007487773895263672,851.8871998786926,hit
0.8,common_validation_conformal_080,SDWPF-SCADA,42,Proposed model,1,0.8536681360201511,0.1622287780046463,331.7226867675781,102.37633514404297,67.54800415039062,0.9323018789291382,4959,0.1,conformal,,0.00966528058052063,0.7804014167650531,0.8004722550177096,1858.7303071022034,0.014190912246704102,1858.7126932144165,hit
0.8,common_validation_conformal_080,SDWPF-SCADA,42,MLP-QR,6,0.8004565491183879,0.15706025063991547,393.3355712890625,112.7335205078125,74.94522094726562,0.9179112911224365,1893,,,conformal,0.0,0.8020464384100747,0.8020464384100747,1858.7303071022034,0.014190912246704102,1858.7126932144165,hit
0.8,common_validation_conformal_080,SDWPF-SCADA,42,LSTM-QR,2,0.7858942065491183,0.12338405847549438,335.8555603027344,106.61859893798828,69.20166015625,0.9265751242637634,9157,,,conformal,0.0,0.8229043683589138,0.8229043683589138,1858.7303071022034,0.014190912246704102,1858.7126932144165,hit
0.8,common_validation_conformal_080,SDWPF-SCADA,42,GRU-QR,3,0.7890428211586902,0.12547150254249573,335.94573974609375,104.93914794921875,67.58100891113281,0.9288700819015503,7045,,,conformal,0.0,0.811491538764266,0.811491538764266,1858.7303071022034,0.014190912246704102,1858.7126932144165,hit
0.8,common_validation_conformal_080,SDWPF-SCADA,42,CNN-QR,8,0.8459540302267002,0.18755802512168884,413.787109375,107.41029357910156,70.605712890625,0.9254806637763977,3525,,,conformal,0.06000569462776184,0.7461629279811098,0.8004722550177096,1858.7303071022034,0.014190912246704102,1858.7126932144165,hit
0.8,common_validation_conformal_080,SDWPF-SCADA,42,Transformer-QR,5,0.8082493702770781,0.15129785239696503,385.72369384765625,101.03424835205078,66.7024917602539,0.9340652227401733,17797,,,conformal,0.0,0.8358913813459268,0.8358913813459268,1858.7303071022034,0.014190912246704102,1858.7126932144165,hit
0.8,common_validation_conformal_080,SDWPF-SCADA,42,SQR,4,0.819426952141058,0.1569424718618393,380.9334716796875,107.28748321533203,70.05648803710938,0.925650954246521,1793,,,conformal,0.024439111351966858,0.760724124360488,0.8004722550177096,1858.7303071022034,0.014190912246704102,1858.7126932144165,hit
0.8,common_validation_conformal_080,SDWPF-SCADA,42,LUBE-NN,7,0.8597292191435768,0.18005219101905823,411.5134582519531,109.67800903320312,73.6447982788086,0.9223008155822754,1893,,,conformal,0.3329627811908722,0.0007870916961826052,0.8004722550177096,1858.7303071022034,0.014190912246704102,1858.7126932144165,hit
0.8,common_validation_conformal_080,SDWPF-SCADA,42,RQR-MLP,10,0.96205919395466,0.2942158281803131,472.7408752441406,99.82880401611328,62.92723083496094,0.9356291890144348,1893,,,conformal,0.0,0.9803227075954348,0.9803227075954348,1858.7303071022034,0.014190912246704102,1858.7126932144165,hit
0.8,common_validation_conformal_080,SDWPF-SCADA,42,KDE,9,0.8540617128463476,0.21467091143131256,441.7499694824219,107.39799499511719,69.73426055908203,0.9254977107048035,0,,,conformal,0.0,0.8386462022825659,0.8386462022825659,1858.7303071022034,0.014190912246704102,1858.7126932144165,hit
0.84,common_validation_conformal_084,SDWPF-SCADA,42,Proposed model,2,0.8817695214105793,0.1732064038515091,337.4602355957031,102.37633514404297,67.54800415039062,0.9323018789291382,4959,0.1,conformal,,0.03003603219985962,0.7804014167650531,0.8406139315230224,1858.7303071022034,0.014190912246704102,1858.7126932144165,hit
0.84,common_validation_conformal_084,SDWPF-SCADA,42,MLP-QR,6,0.8369017632241813,0.17645926773548126,396.2782897949219,112.7335205078125,74.94522094726562,0.9179112911224365,1893,,,conformal,0.03599792718887329,0.8020464384100747,0.8406139315230224,1858.7303071022034,0.014190912246704102,1858.7126932144165,hit
0.84,common_validation_conformal_084,SDWPF-SCADA,42,LSTM-QR,1,0.8106108312342569,0.13303174078464508,335.68585205078125,106.61859893798828,69.20166015625,0.9265751242637634,9157,,,conformal,0.017902791500091553,0.8229043683589138,0.8406139315230224,1858.7303071022034,0.014190912246704102,1858.7126932144165,hit
0.84,common_validation_conformal_084,SDWPF-SCADA,42,GRU-QR,3,0.8326511335012594,0.14214734733104706,337.524169921875,104.93914794921875,67.58100891113281,0.9288700819015503,7045,,,conformal,0.030944645404815674,0.811491538764266,0.8406139315230224,1858.7303071022034,0.014190912246704102,1858.7126932144165,hit
0.84,common_validation_conformal_084,SDWPF-SCADA,42,CNN-QR,7,0.8809036523929471,0.21619939804077148,427.6714172363281,107.41029357910156,70.605712890625,0.9254806637763977,3525,,,conformal,0.1131543219089508,0.7461629279811098,0.8406139315230224,1858.7303071022034,0.014190912246704102,1858.7126932144165,hit
0.84,common_validation_conformal_084,SDWPF-SCADA,42,Transformer-QR,4,0.8113192695214105,0.1527431756258011,385.82989501953125,101.03424835205078,66.7024917602539,0.9340652227401733,17797,,,conformal,0.002682015299797058,0.8358913813459268,0.8406139315230224,1858.7303071022034,0.014190912246704102,1858.7126932144165,hit
0.84,common_validation_conformal_084,SDWPF-SCADA,42,SQR,5,0.8555573047858942,0.17934156954288483,387.5075988769531,107.28748321533203,70.05648803710938,0.925650954246521,1793,,,conformal,0.06600421667098999,0.760724124360488,0.8406139315230224,1858.7303071022034,0.014190912246704102,1858.7126932144165,hit
0.84,common_validation_conformal_084,SDWPF-SCADA,42,LUBE-NN,8,0.898772040302267,0.21647138893604279,433.8888854980469,109.67800903320312,73.6447982788086,0.9223008155822754,1893,,,conformal,0.4005444049835205,0.0007870916961826052,0.8406139315230224,1858.7303071022034,0.014190912246704102,1858.7126932144165,hit
0.84,common_validation_conformal_084,SDWPF-SCADA,42,RQR-MLP,10,0.96205919395466,0.2942158281803131,472.7408752441406,99.82880401611328,62.92723083496094,0.9356291890144348,1893,,,conformal,0.0,0.9803227075954348,0.9803227075954348,1858.7303071022034,0.014190912246704102,1858.7126932144165,hit
0.84,common_validation_conformal_084,SDWPF-SCADA,42,KDE,9,0.8568954659949622,0.2161850780248642,442.38873291015625,107.39799499511719,69.73426055908203,0.9254977107048035,0,,,conformal,0.002809762954711914,0.8386462022825659,0.8406139315230224,1858.7303071022034,0.014190912246704102,1858.7126932144165,hit
0.86,common_validation_conformal_086,SDWPF-SCADA,42,Proposed model,2,0.8941278337531486,0.1791624277830124,341.46490478515625,102.37633514404297,67.54800415039062,0.9323018789291382,4959,0.1,conformal,,0.041088372468948364,0.7804014167650531,0.8606847697756789,1858.7303071022034,0.014190912246704102,1858.7126932144165,hit
0.86,common_validation_conformal_086,SDWPF-SCADA,42,MLP-QR,6,0.8577613350125944,0.1904432475566864,401.302978515625,112.7335205078125,74.94522094726562,0.9179112911224365,1893,,,conformal,0.061947405338287354,0.8020464384100747,0.8606847697756789,1858.7303071022034,0.014190912246704102,1858.7126932144165,hit
0.86,common_validation_conformal_086,SDWPF-SCADA,42,LSTM-QR,1,0.8432777078085643,0.14863468706607819,338.9930419921875,106.61859893798828,69.20166015625,0.9265751242637634,9157,,,conformal,0.04685655236244202,0.8229043683589138,0.8606847697756789,1858.7303071022034,0.014190912246704102,1858.7126932144165,hit
0.86,common_validation_conformal_086,SDWPF-SCADA,42,GRU-QR,3,0.8595717884130982,0.15691740810871124,342.7406311035156,104.93914794921875,67.58100891113281,0.9288700819015503,7045,,,conformal,0.05835285782814026,0.811491538764266,0.8606847697756789,1858.7303071022034,0.014190912246704102,1858.7126932144165,hit
0.86,common_validation_conformal_086,SDWPF-SCADA,42,CNN-QR,7,0.9000314861460957,0.23669879138469696,441.74700927734375,107.41029357910156,70.605712890625,0.9254806637763977,3525,,,conformal,0.15119418501853943,0.7461629279811098,0.8606847697756789,1858.7303071022034,0.014190912246704102,1858.7126932144165,hit
0.86,common_validation_conformal_086,SDWPF-SCADA,42,Transformer-QR,4,0.8403652392947103,0.16631267964839935,388.5179443359375,101.03424835205078,66.7024917602539,0.9340652227401733,17797,,,conformal,0.02786239981651306,0.8358913813459268,0.8606847697756789,1858.7303071022034,0.014190912246704102,1858.7126932144165,hit
0.86,common_validation_conformal_086,SDWPF-SCADA,42,SQR,5,0.8753148614609572,0.1940535008907318,394.8685302734375,107.28748321533203,70.05648803710938,0.925650954246521,1793,,,conformal,0.09330445528030396,0.760724124360488,0.8606847697756789,1858.7303071022034,0.014190912246704102,1858.7126932144165,hit
0.86,common_validation_conformal_086,SDWPF-SCADA,42,LUBE-NN,9,0.9146725440806045,0.23712711036205292,450.8638916015625,109.67800903320312,73.6447982788086,0.9223008155822754,1893,,,conformal,0.43887436389923096,0.0007870916961826052,0.8606847697756789,1858.7303071022034,0.014190912246704102,1858.7126932144165,hit
0.86,common_validation_conformal_086,SDWPF-SCADA,42,RQR-MLP,10,0.96205919395466,0.2942158281803131,472.7408752441406,99.82880401611328,62.92723083496094,0.9356291890144348,1893,,,conformal,0.0,0.9803227075954348,0.9803227075954348,1858.7303071022034,0.014190912246704102,1858.7126932144165,hit
0.86,common_validation_conformal_086,SDWPF-SCADA,42,KDE,8,0.8743702770780857,0.23151364922523499,450.1734619140625,107.39799499511719,69.73426055908203,0.9254977107048035,0,,,conformal,0.03125429153442383,0.8386462022825659,0.8606847697756789,1858.7303071022034,0.014190912246704102,1858.7126932144165,hit
0.88,common_validation_conformal_088,SDWPF-SCADA,42,Proposed model,2,0.9078243073047859,0.1878570318222046,348.1457824707031,102.37633514404297,67.54800415039062,0.9323018789291382,4959,0.1,conformal,,0.05722254514694214,0.7804014167650531,0.880362062180244,1858.7303071022034,0.014190912246704102,1858.7126932144165,hit
0.88,common_validation_conformal_088,SDWPF-SCADA,42,MLP-QR,6,0.8822418136020151,0.20860497653484344,411.00433349609375,112.7335205078125,74.94522094726562,0.9179112911224365,1893,,,conformal,0.09564942121505737,0.8020464384100747,0.880362062180244,1858.7303071022034,0.014190912246704102,1858.7126932144165,hit
0.88,common_validation_conformal_088,SDWPF-SCADA,42,LSTM-QR,1,0.8695686397984886,0.1654600203037262,346.197998046875,106.61859893798828,69.20166015625,0.9265751242637634,9157,,,conformal,0.07807862758636475,0.8229043683589138,0.880362062180244,1858.7303071022034,0.014190912246704102,1858.7126932144165,hit
0.88,common_validation_conformal_088,SDWPF-SCADA,42,GRU-QR,3,0.8839735516372796,0.17326511442661285,351.771728515625,104.93914794921875,67.58100891113281,0.9288700819015503,7045,,,conformal,0.08868861198425293,0.811491538764266,0.880362062180244,1858.7303071022034,0.014190912246704102,1858.7126932144165,hit
0.88,common_validation_conformal_088,SDWPF-SCADA,42,CNN-QR,7,0.9140428211586902,0.25523850321769714,456.84375,107.41029357910156,70.605712890625,0.9254806637763977,3525,,,conformal,0.1855975240468979,0.7461629279811098,0.880362062180244,1858.7303071022034,0.014190912246704102,1858.7126932144165,hit
0.88,common_validation_conformal_088,SDWPF-SCADA,42,Transformer-QR,4,0.8661051637279596,0.18177159130573273,394.7894287109375,101.03424835205078,66.7024917602539,0.9340652227401733,17797,,,conformal,0.0565488338470459,0.8358913813459268,0.880362062180244,1858.7303071022034,0.014190912246704102,1858.7126932144165,hit
0.88,common_validation_conformal_088,SDWPF-SCADA,42,SQR,5,0.8962531486146096,0.20985686779022217,405.2232666015625,107.28748321533203,70.05648803710938,0.925650954246521,1793,,,conformal,0.12263011932373047,0.760724124360488,0.880362062180244,1858.7303071022034,0.014190912246704102,1858.7126932144165,hit
0.88,common_validation_conformal_088,SDWPF-SCADA,42,LUBE-NN,9,0.9285264483627204,0.2594316601753235,471.58038330078125,109.67800903320312,73.6447982788086,0.9223008155822754,1893,,,conformal,0.48026397824287415,0.0007870916961826052,0.880362062180244,1858.7303071022034,0.014190912246704102,1858.7126932144165,hit
0.88,common_validation_conformal_088,SDWPF-SCADA,42,RQR-MLP,10,0.96205919395466,0.2942158281803131,472.7408752441406,99.82880401611328,62.92723083496094,0.9356291890144348,1893,,,conformal,0.0,0.9803227075954348,0.9803227075954348,1858.7303071022034,0.014190912246704102,1858.7126932144165,hit
0.88,common_validation_conformal_088,SDWPF-SCADA,42,KDE,8,0.8968828715365239,0.25407445430755615,464.9046630859375,107.39799499511719,69.73426055908203,0.9254977107048035,0,,,conformal,0.07311946153640747,0.8386462022825659,0.880362062180244,1858.7303071022034,0.014190912246704102,1858.7126932144165,hit
0.8,common_validation_conformal_080,WPF-SCADA,43,Proposed model,1,0.7873340143003065,0.16645489633083344,468.6192932128906,175.84730529785156,115.56077575683594,0.8836164474487305,9971,0.3,conformal,,0.0,0.8161389172625128,0.8161389172625128,1411.959273815155,0.008657455444335938,1411.949087381363,hit
0.8,common_validation_conformal_080,WPF-SCADA,43,MLP-QR,6,0.7903983656792646,0.178691104054451,632.3109741210938,182.76136779785156,113.8739242553711,0.8742844462394714,2021,,,conformal,0.0,0.8294177732379979,0.8294177732379979,1411.959273815155,0.008657455444335938,1411.949087381363,hit
0.8,common_validation_conformal_080,WPF-SCADA,43,LSTM-QR,3,0.8114402451481103,0.18555302917957306,573.6563110351562,181.27481079101562,112.31748962402344,0.8763212561607361,9285,,,conformal,0.0,0.8314606741573034,0.8314606741573034,1411.959273815155,0.008657455444335938,1411.949087381363,hit
0.8,common_validation_conformal_080,WPF-SCADA,43,GRU-QR,2,0.8143003064351378,0.18726873397827148,569.7485961914062,180.10972595214844,113.22867584228516,0.8779059648513794,7173,,,conformal,0.0,0.8314606741573034,0.8314606741573034,1411.959273815155,0.008657455444335938,1411.949087381363,hit
0.8,common_validation_conformal_080,WPF-SCADA,43,CNN-QR,8,0.7989785495403473,0.19458895921707153,693.8783569335938,183.87486267089844,117.435302734375,0.8727478981018066,3525,,,conformal,0.002714097499847412,0.7957099080694586,0.8008171603677222,1411.959273815155,0.008657455444335938,1411.949087381363,hit
0.8,common_validation_conformal_080,WPF-SCADA,43,Transformer-QR,4,0.7957099080694586,0.17890793085098267,608.257080078125,189.42849731445312,114.99285125732422,0.8649449348449707,17925,,,conformal,0.0,0.8283963227783453,0.8283963227783453,1411.959273815155,0.008657455444335938,1411.949087381363,hit
0.8,common_validation_conformal_080,WPF-SCADA,43,SQR,5,0.7732379979570991,0.16605791449546814,628.46435546875,182.69036865234375,113.30755615234375,0.8743820786476135,1921,,,conformal,0.0010387897491455078,0.7957099080694586,0.8008171603677222,1411.959273815155,0.008657455444335938,1411.949087381363,hit
0.8,common_validation_conformal_080,WPF-SCADA,43,LUBE-NN,10,0.7654749744637385,0.24949538707733154,749.736083984375,210.33030700683594,161.9354248046875,0.8334963321685791,2021,,,conformal,0.3501526713371277,0.0020429009193054137,0.8008171603677222,1411.959273815155,0.008657455444335938,1411.949087381363,hit
0.8,common_validation_conformal_080,WPF-SCADA,43,RQR-MLP,9,0.9722165474974463,0.4059305787086487,744.712646484375,178.6396942138672,112.22479248046875,0.8798908591270447,2021,,,conformal,0.0,0.9908069458631257,0.9908069458631257,1411.959273815155,0.008657455444335938,1411.949087381363,hit
0.8,common_validation_conformal_080,WPF-SCADA,43,KDE,7,0.7871297242083759,0.18371610343456268,693.6963500976562,187.65554809570312,116.24425506591797,0.8674612045288086,0,,,conformal,0.0,0.8018386108273748,0.8018386108273748,1411.959273815155,0.008657455444335938,1411.949087381363,hit
0.84,common_validation_conformal_084,WPF-SCADA,43,Proposed model,1,0.8171603677221655,0.17503422498703003,468.8330993652344,175.84730529785156,115.56077575683594,0.8836164474487305,9971,0.3,conformal,,0.01206478476524353,0.8161389172625128,0.8416751787538305,1411.959273815155,0.008657455444335938,1411.949087381363,hit
0.84,common_validation_conformal_084,WPF-SCADA,43,MLP-QR,6,0.8032686414708886,0.185552179813385,632.0999755859375,182.76136779785156,113.8739242553711,0.8742844462394714,2021,,,conformal,0.009648442268371582,0.8294177732379979,0.8416751787538305,1411.959273815155,0.008657455444335938,1411.949087381363,hit
0.84,common_validation_conformal_084,WPF-SCADA,43,LSTM-QR,3,0.8175689479060265,0.18926459550857544,574.12939453125,181.27481079101562,112.31748962402344,0.8763212561607361,9285,,,conformal,0.0052194297313690186,0.8314606741573034,0.8416751787538305,1411.959273815155,0.008657455444335938,1411.949087381363,hit
0.84,common_validation_conformal_084,WPF-SCADA,43,GRU-QR,2,0.8212461695607763,0.1921331286430359,570.5107421875,180.10972595214844,113.22867584228516,0.8779059648513794,7173,,,conformal,0.0068405866622924805,0.8314606741573034,0.8416751787538305,1411.959273815155,0.008657455444335938,1411.949087381363,hit
0.84,common_validation_conformal_084,WPF-SCADA,43,CNN-QR,8,0.8236976506639428,0.21482180058956146,695.9081420898438,183.87486267089844,117.435302734375,0.8727478981018066,3525,,,conformal,0.03116673231124878,0.7957099080694586,0.8416751787538305,1411.959273815155,0.008657455444335938,1411.949087381363,hit
0.84,common_validation_conformal_084,WPF-SCADA,43,Transformer-QR,4,0.8073544433094995,0.18575236201286316,608.3543701171875,189.42849731445312,114.99285125732422,0.8649449348449707,17925,,,conformal,0.009625047445297241,0.8283963227783453,0.8416751787538305,1411.959273815155,0.008657455444335938,1411.949087381363,hit
0.84,common_validation_conformal_084,WPF-SCADA,43,SQR,5,0.8059244126659857,0.18543420732021332,626.9358520507812,182.69036865234375,113.30755615234375,0.8743820786476135,1921,,,conformal,0.02828693389892578,0.7957099080694586,0.8416751787538305,1411.959273815155,0.008657455444335938,1411.949087381363,hit
0.84,common_validation_conformal_084,WPF-SCADA,43,LUBE-NN,10,0.8206332992849846,0.2841733694076538,748.2569580078125,210.33030700683594,161.9354248046875,0.8334963321685791,2021,,,conformal,0.39891889691352844,0.0020429009193054137,0.8416751787538305,1411.959273815155,0.008657455444335938,1411.949087381363,hit
0.84,common_validation_conformal_084,WPF-SCADA,43,RQR-MLP,9,0.9722165474974463,0.4059305787086487,744.712646484375,178.6396942138672,112.22479248046875,0.8798908591270447,2021,,,conformal,0.0,0.9908069458631257,0.9908069458631257,1411.959273815155,0.008657455444335938,1411.949087381363,hit
0.84,common_validation_conformal_084,WPF-SCADA,43,KDE,7,0.8130745658835546,0.20313531160354614,693.8644409179688,187.65554809570312,116.24425506591797,0.8674612045288086,0,,,conformal,0.027308419346809387,0.8018386108273748,0.8416751787538305,1411.959273815155,0.008657455444335938,1411.949087381363,hit
0.86,common_validation_conformal_086,WPF-SCADA,43,Proposed model,1,0.8382022471910112,0.18414939939975739,471.0627136230469,175.84730529785156,115.56077575683594,0.8836164474487305,9971,0.3,conformal,,0.024883083999156952,0.8161389172625128,0.8610827374872319,1411.959273815155,0.008657455444335938,1411.949087381363,hit
0.86,common_validation_conformal_086,WPF-SCADA,43,MLP-QR,6,0.8157303370786517,0.1954931616783142,632.92236328125,182.76136779785156,113.8739242553711,0.8742844462394714,2021,,,conformal,0.02362808585166931,0.8294177732379979,0.8610827374872319,1411.959273815155,0.008657455444335938,1411.949087381363,hit
0.86,common_validation_conformal_086,WPF-SCADA,43,LSTM-QR,3,0.8359550561797753,0.2013619840145111,576.9760131835938,181.27481079101562,112.31748962402344,0.8763212561607361,9285,,,conformal,0.02223154902458191,0.8314606741573034,0.8610827374872319,1411.959273815155,0.008657455444335938,1411.949087381363,hit
0.86,common_validation_conformal_086,WPF-SCADA,43,GRU-QR,2,0.8400408580183861,0.20393086969852448,573.7740478515625,180.10972595214844,113.22867584228516,0.8779059648513794,7173,,,conformal,0.023431330919265747,0.8314606741573034,0.8610827374872319,1411.959273815155,0.008657455444335938,1411.949087381363,hit
0.86,common_validation_conformal_086,WPF-SCADA,43,CNN-QR,8,0.8357507660878447,0.22878719866275787,699.6246948242188,183.87486267089844,117.435302734375,0.8727478981018066,3525,,,conformal,0.0508057177066803,0.7957099080694586,0.8610827374872319,1411.959273815155,0.008657455444335938,1411.949087381363,hit
0.86,common_validation_conformal_086,WPF-SCADA,43,Transformer-QR,4,0.8253319713993871,0.19695782661437988,610.0299072265625,189.42849731445312,114.99285125732422,0.8649449348449707,17925,,,conformal,0.02538284659385681,0.8283963227783453,0.8610827374872319,1411.959273815155,0.008657455444335938,1411.949087381363,hit
0.86,common_validation_conformal_086,WPF-SCADA,43,SQR,5,0.8214504596527068,0.19711819291114807,628.4652709960938,182.69036865234375,113.30755615234375,0.8743820786476135,1921,,,conformal,0.044717609882354736,0.7957099080694586,0.8610827374872319,1411.959273815155,0.008657455444335938,1411.949087381363,hit
0.86,common_validation_conformal_086,WPF-SCADA,43,LUBE-NN,10,0.8371807967313585,0.2985163927078247,751.8587036132812,210.33030700683594,161.9354248046875,0.8334963321685791,2021,,,conformal,0.4190889596939087,0.0020429009193054137,0.8610827374872319,1411.959273815155,0.008657455444335938,1411.949087381363,hit
0.86,common_validation_conformal_086,WPF-SCADA,43,RQR-MLP,9,0.9722165474974463,0.4059305787086487,744.712646484375,178.6396942138672,112.22479248046875,0.8798908591270447,2021,,,conformal,0.0,0.9908069458631257,0.9908069458631257,1411.959273815155,0.008657455444335938,1411.949087381363,hit
0.86,common_validation_conformal_086,WPF-SCADA,43,KDE,7,0.8279877425944842,0.21493755280971527,695.9094848632812,187.65554809570312,116.24425506591797,0.8674612045288086,0,,,conformal,0.04390546679496765,0.8018386108273748,0.8610827374872319,1411.959273815155,0.008657455444335938,1411.949087381363,hit
0.88,common_validation_conformal_088,WPF-SCADA,43,Proposed model,1,0.8655771195097037,0.19644343852996826,476.60418701171875,175.84730529785156,115.56077575683594,0.8836164474487305,9971,0.3,conformal,,0.04217170178890228,0.8161389172625128,0.881511746680286,1411.959273815155,0.008657455444335938,1411.949087381363,hit
0.88,common_validation_conformal_088,WPF-SCADA,43,MLP-QR,6,0.8337078651685393,0.21145297586917877,636.451416015625,182.76136779785156,113.8739242553711,0.8742844462394714,2021,,,conformal,0.04607173800468445,0.8294177732379979,0.881511746680286,1411.959273815155,0.008657455444335938,1411.949087381363,hit
0.88,common_validation_conformal_088,WPF-SCADA,43,LSTM-QR,3,0.8520939734422881,0.21508173644542694,582.352783203125,181.27481079101562,112.31748962402344,0.8763212561607361,9285,,,conformal,0.04152505099773407,0.8314606741573034,0.881511746680286,1411.959273815155,0.008657455444335938,1411.949087381363,hit
0.88,common_validation_conformal_088,WPF-SCADA,43,GRU-QR,2,0.8598569969356487,0.21730093657970428,579.6461791992188,180.10972595214844,113.22867584228516,0.8779059648513794,7173,,,conformal,0.042233094573020935,0.8314606741573034,0.881511746680286,1411.959273815155,0.008657455444335938,1411.949087381363,hit
0.88,common_validation_conformal_088,WPF-SCADA,43,CNN-QR,8,0.8561797752808988,0.25265374779701233,709.4227294921875,183.87486267089844,117.435302734375,0.8727478981018066,3525,,,conformal,0.08436828851699829,0.7957099080694586,0.881511746680286,1411.959273815155,0.008657455444335938,1411.949087381363,hit
0.88,common_validation_conformal_088,WPF-SCADA,43,Transformer-QR,4,0.8398365679264556,0.20738722383975983,613.0569458007812,189.42849731445312,114.99285125732422,0.8649449348449707,17925,,,conformal,0.04004928469657898,0.8283963227783453,0.881511746680286,1411.959273815155,0.008657455444335938,1411.949087381363,hit
0.88,common_validation_conformal_088,WPF-SCADA,43,SQR,5,0.837385086823289,0.2120583951473236,632.3944702148438,182.69036865234375,113.30755615234375,0.8743820786476135,1921,,,conformal,0.06572744250297546,0.7957099080694586,0.881511746680286,1411.959273815155,0.008657455444335938,1411.949087381363,hit
0.88,common_validation_conformal_088,WPF-SCADA,43,LUBE-NN,10,0.8561797752808988,0.31601327657699585,759.0528564453125,210.33030700683594,161.9354248046875,0.8334963321685791,2021,,,conformal,0.4436940550804138,0.0020429009193054137,0.881511746680286,1411.959273815155,0.008657455444335938,1411.949087381363,hit
0.88,common_validation_conformal_088,WPF-SCADA,43,RQR-MLP,9,0.9722165474974463,0.4059305787086487,744.712646484375,178.6396942138672,112.22479248046875,0.8798908591270447,2021,,,conformal,0.0,0.9908069458631257,0.9908069458631257,1411.959273815155,0.008657455444335938,1411.949087381363,hit
0.88,common_validation_conformal_088,WPF-SCADA,43,KDE,7,0.8359550561797753,0.22751139104366302,699.4650268554688,187.65554809570312,116.24425506591797,0.8674612045288086,0,,,conformal,0.06158752739429474,0.8018386108273748,0.881511746680286,1411.959273815155,0.008657455444335938,1411.949087381363,hit
0.8,common_validation_conformal_080,Longyuan-SCADA,43,Proposed model,1,0.7602060282334987,0.21036197245121002,80.1489028930664,26.591894149780273,16.676990509033203,0.7265461683273315,4373,0.35,conformal,,0.002504289150238037,0.7912297426120114,0.8007626310772163,769.5742638111115,0.00731658935546875,769.5656824111938,hit
0.8,common_validation_conformal_080,Longyuan-SCADA,43,MLP-QR,6,0.723578786722625,0.20066523551940918,97.18614959716797,26.223373413085938,16.5291805267334,0.7340728640556335,1829,,,conformal,0.12507279217243195,0.6425166825548141,0.8007626310772163,769.5742638111115,0.00731658935546875,769.5656824111938,hit
0.8,common_validation_conformal_080,Longyuan-SCADA,43,LSTM-QR,4,0.6459366653948875,0.15405495464801788,96.3656997680664,26.1590633392334,16.32915687561035,0.7353756427764893,9093,,,conformal,0.007351487874984741,0.792183031458532,0.8007626310772163,769.5742638111115,0.00731658935546875,769.5656824111938,hit
0.8,common_validation_conformal_080,Longyuan-SCADA,43,GRU-QR,5,0.6421213277375047,0.16041570901870728,97.15210723876953,26.141027450561523,16.357479095458984,0.7357404232025146,6981,,,conformal,0.007148236036300659,0.7931363203050524,0.8007626310772163,769.5742638111115,0.00731658935546875,769.5656824111938,hit
0.8,common_validation_conformal_080,Longyuan-SCADA,43,CNN-QR,8,0.7306371613887829,0.19783411920070648,103.4323501586914,26.14352035522461,16.271644592285156,0.7356899976730347,3525,,,conformal,0.0,0.8160152526215443,0.8160152526215443,769.5742638111115,0.00731658935546875,769.5656824111938,hit
0.8,common_validation_conformal_080,Longyuan-SCADA,43,Transformer-QR,3,0.7369324685234643,0.19580687582492828,94.25431060791016,26.330501556396484,16.666362762451172,0.7318956851959229,17733,,,conformal,0.08261498808860779,0.6901811248808389,0.8007626310772163,769.5742638111115,0.00731658935546875,769.5656824111938,hit
0.8,common_validation_conformal_080,Longyuan-SCADA,43,SQR,10,0.6690194582220527,0.15970979630947113,109.17243194580078,28.873981475830078,18.591663360595703,0.677597165107727,1729,,,conformal,0.07957357168197632,0.7140133460438512,0.8007626310772163,769.5742638111115,0.00731658935546875,769.5656824111938,hit
0.8,common_validation_conformal_080,Longyuan-SCADA,43,LUBE-NN,9,0.7556276230446395,0.2319948375225067,104.33049011230469,26.791494369506836,17.779956817626953,0.7224255800247192,1829,,,conformal,0.40248382091522217,0.0019065776930409914,0.8007626310772163,769.5742638111115,0.00731658935546875,769.5656824111938,hit
0.8,common_validation_conformal_080,Longyuan-SCADA,43,RQR-MLP,2,0.9132010682945441,0.3931482434272766,94.20365905761719,28.02267837524414,17.481388092041016,0.6963279843330383,1829,,,conformal,0.0,0.9380362249761678,0.9380362249761678,769.5742638111115,0.00731658935546875,769.5656824111938,hit
0.8,common_validation_conformal_080,Longyuan-SCADA,43,KDE,7,0.7390309042350248,0.20535336434841156,103.27913665771484,25.90804100036621,16.210996627807617,0.7404298782348633,0,,,conformal,0.0,0.8131553860819828,0.8131553860819828,769.5742638111115,0.00731658935546875,769.5656824111938,hit
0.84,common_validation_conformal_084,Longyuan-SCADA,43,Proposed model,1,0.8042731781762686,0.2270278036594391,79.88622283935547,26.591894149780273,16.676990509033203,0.7265461683273315,4373,0.35,conformal,,0.03150594234466553,0.7912297426120114,0.8408007626310772,769.5742638111115,0.00731658935546875,769.5656824111938,hit
0.84,common_validation_conformal_084,Longyuan-SCADA,43,MLP-QR,6,0.7731781762685997,0.23750367760658264,95.31446838378906,26.223373413085938,16.5291805267334,0.7340728640556335,1829,,,conformal,0.18917858600616455,0.6425166825548141,0.8408007626310772,769.5742638111115,0.00731658935546875,769.5656824111938,hit
0.84,common_validation_conformal_084,Longyuan-SCADA,43,LSTM-QR,2,0.7155665776421213,0.18158715963363647,93.08321380615234,26.1590633392334,16.32915687561035,0.7353756427764893,9093,,,conformal,0.05526271462440491,0.792183031458532,0.8408007626310772,769.5742638111115,0.00731658935546875,769.5656824111938,hit
0.84,common_validation_conformal_084,Longyuan-SCADA,43,GRU-QR,4,0.7098435711560473,0.18463778495788574,94.13567352294922,26.141027450561523,16.357479095458984,0.7357404232025146,6981,,,conformal,0.04929918050765991,0.7931363203050524,0.8408007626310772,769.5742638111115,0.00731658935546875,769.5656824111938,hit
0.84,common_validation_conformal_084,Longyuan-SCADA,43,CNN-QR,7,0.7609690957649752,0.22774118185043335,101.77389526367188,26.14352035522461,16.271644592285156,0.7356899976730347,3525,,,conformal,0.052043914794921875,0.8160152526215443,0.8408007626310772,769.5742638111115,0.00731658935546875,769.5656824111938,hit
0.84,common_validation_conformal_084,Longyuan-SCADA,43,Transformer-QR,3,0.7685997710797405,0.21750874817371368,93.2386703491211,26.330501556396484,16.666362762451172,0.7318956851959229,17733,,,conformal,0.12038028985261917,0.6901811248808389,0.8408007626310772,769.5742638111115,0.00731658935546875,769.5656824111938,hit
0.84,common_validation_conformal_084,Longyuan-SCADA,43,SQR,10,0.7224341854254102,0.19538459181785583,105.50171661376953,28.873981475830078,18.591663360595703,0.677597165107727,1729,,,conformal,0.14165441691875458,0.7140133460438512,0.8408007626310772,769.5742638111115,0.00731658935546875,769.5656824111938,hit
0.84,common_validation_conformal_084,Longyuan-SCADA,43,LUBE-NN,9,0.7825257535291873,0.26040637493133545,103.44334411621094,26.791494369506836,17.779956817626953,0.7224255800247192,1829,,,conformal,0.4519251883029938,0.0019065776930409914,0.8408007626310772,769.5742638111115,0.00731658935546875,769.5656824111938,hit
0.84,common_validation_conformal_084,Longyuan-SCADA,43,RQR-MLP,5,0.9132010682945441,0.3931482434272766,94.20365905761719,28.02267837524414,17.481388092041016,0.6963279843330383,1829,,,conformal,0.0,0.9380362249761678,0.9380362249761678,769.5742638111115,0.00731658935546875,769.5656824111938,hit
0.84,common_validation_conformal_084,Longyuan-SCADA,43,KDE,8,0.7676459366653949,0.23391596972942352,101.9273681640625,25.90804100036621,16.210996627807617,0.7404298782348633,0,,,conformal,0.04970425367355347,0.8131553860819828,0.8408007626310772,769.5742638111115,0.00731658935546875,769.5656824111938,hit
0.86,common_validation_conformal_086,Longyuan-SCADA,43,Proposed model,1,0.8309805417779473,0.24279361963272095,80.18901062011719,26.591894149780273,16.676990509033203,0.7265461683273315,4373,0.35,conformal,,0.05894137918949127,0.7912297426120114,0.8608198284080076,769.5742638111115,0.00731658935546875,769.5656824111938,hit
0.86,common_validation_conformal_086,Longyuan-SCADA,43,MLP-QR,6,0.7909194963754292,0.2557731866836548,94.97301483154297,26.223373413085938,16.5291805267334,0.7340728640556335,1829,,,conformal,0.22097091376781464,0.6425166825548141,0.8608198284080076,769.5742638111115,0.00731658935546875,769.5656824111938,hit
0.86,common_validation_conformal_086,Longyuan-SCADA,43,LSTM-QR,2,0.7582983594048073,0.2078094184398651,91.41279602050781,26.1590633392334,16.32915687561035,0.7353756427764893,9093,,,conformal,0.10089436173439026,0.792183031458532,0.8608198284080076,769.5742638111115,0.00731658935546875,769.5656824111938,hit
0.86,common_validation_conformal_086,Longyuan-SCADA,43,GRU-QR,3,0.7514307516215185,0.2061106115579605,92.6700210571289,26.141027450561523,16.357479095458984,0.7357404232025146,6981,,,conformal,0.08666592836380005,0.7931363203050524,0.8608198284080076,769.5742638111115,0.00731658935546875,769.5656824111938,hit
0.86,common_validation_conformal_086,Longyuan-SCADA,43,CNN-QR,7,0.7823349866463182,0.2525480389595032,101.08112335205078,26.14352035522461,16.271644592285156,0.7356899976730347,3525,,,conformal,0.09521239995956421,0.8160152526215443,0.8608198284080076,769.5742638111115,0.00731658935546875,769.5656824111938,hit
0.86,common_validation_conformal_086,Longyuan-SCADA,43,Transformer-QR,4,0.7859595574208318,0.2312561273574829,92.92813110351562,26.330501556396484,16.666362762451172,0.7318956851959229,17733,,,conformal,0.1443033218383789,0.6901811248808389,0.8608198284080076,769.5742638111115,0.00731658935546875,769.5656824111938,hit
0.86,common_validation_conformal_086,Longyuan-SCADA,43,SQR,10,0.7493323159099581,0.21992374956607819,103.93415069580078,28.873981475830078,18.591663360595703,0.677597165107727,1729,,,conformal,0.18435713648796082,0.7140133460438512,0.8608198284080076,769.5742638111115,0.00731658935546875,769.5656824111938,hit
0.86,common_validation_conformal_086,Longyuan-SCADA,43,LUBE-NN,9,0.7937809996184663,0.2749670147895813,103.26010131835938,26.791494369506836,17.779956817626953,0.7224255800247192,1829,,,conformal,0.47726351022720337,0.0019065776930409914,0.8608198284080076,769.5742638111115,0.00731658935546875,769.5656824111938,hit
0.86,common_validation_conformal_086,Longyuan-SCADA,43,RQR-MLP,5,0.9132010682945441,0.3931482434272766,94.20365905761719,28.02267837524414,17.481388092041016,0.6963279843330383,1829,,,conformal,0.0,0.9380362249761678,0.9380362249761678,769.5742638111115,0.00731658935546875,769.5656824111938,hit
0.86,common_validation_conformal_086,Longyuan-SCADA,43,KDE,8,0.7865318580694391,0.2574453055858612,101.39482879638672,25.90804100036621,16.210996627807617,0.7404298782348633,0,,,conformal,0.09064981341362,0.8131553860819828,0.8608198284080076,769.5742638111115,0.00731658935546875,769.5656824111938,hit
0.88,common_validation_conformal_088,Longyuan-SCADA,43,Proposed model,1,0.85463563525372,0.26619791984558105,81.20672607421875,26.591894149780273,16.676990509033203,0.7265461683273315,4373,0.35,conformal,,0.09966927766799927,0.7912297426120114,0.880838894184938,769.5742638111115,0.00731658935546875,769.5656824111938,hit
0.88,common_validation_conformal_088,Longyuan-SCADA,43,MLP-QR,6,0.8008393742846242,0.264828622341156,94.93653106689453,26.223373413085938,16.5291805267334,0.7340728640556335,1829,,,conformal,0.23672911524772644,0.6425166825548141,0.880838894184938,769.5742638111115,0.00731658935546875,769.5656824111938,hit
0.88,common_validation_conformal_088,Longyuan-SCADA,43,LSTM-QR,2,0.7775658145745898,0.22421763837337494,90.88326263427734,26.1590633392334,16.32915687561035,0.7353756427764893,9093,,,conformal,0.12944769859313965,0.792183031458532,0.880838894184938,769.5742638111115,0.00731658935546875,769.5656824111938,hit
0.88,common_validation_conformal_088,Longyuan-SCADA,43,GRU-QR,3,0.7827165204120564,0.2332892119884491,91.80281829833984,26.141027450561523,16.357479095458984,0.7357404232025146,6981,,,conformal,0.13396179676055908,0.7931363203050524,0.880838894184938,769.5742638111115,0.00731658935546875,769.5656824111938,hit
0.88,common_validation_conformal_088,Longyuan-SCADA,43,CNN-QR,7,0.7983594048073255,0.2748230993747711,100.86788177490234,26.14352035522461,16.271644592285156,0.7356899976730347,3525,,,conformal,0.13397526741027832,0.8160152526215443,0.880838894184938,769.5742638111115,0.00731658935546875,769.5656824111938,hit
0.88,common_validation_conformal_088,Longyuan-SCADA,43,Transformer-QR,4,0.811903853491034,0.26367104053497314,92.96764373779297,26.330501556396484,16.666362762451172,0.7318956851959229,17733,,,conformal,0.20071136951446533,0.6901811248808389,0.880838894184938,769.5742638111115,0.00731658935546875,769.5656824111938,hit
0.88,common_validation_conformal_088,Longyuan-SCADA,43,SQR,9,0.7598244944677603,0.23178040981292725,103.39630889892578,28.873981475830078,18.591663360595703,0.677597165107727,1729,,,conformal,0.204989954829216,0.7140133460438512,0.880838894184938,769.5742638111115,0.00731658935546875,769.5656824111938,hit
0.88,common_validation_conformal_088,Longyuan-SCADA,43,LUBE-NN,10,0.8166730255627623,0.3055824041366577,103.4292221069336,26.791494369506836,17.779956817626953,0.7224255800247192,1829,,,conformal,0.5305399894714355,0.0019065776930409914,0.8798856053384175,769.5742638111115,0.00731658935546875,769.5656824111938,hit
0.88,common_validation_conformal_088,Longyuan-SCADA,43,RQR-MLP,5,0.9132010682945441,0.3931482434272766,94.20365905761719,28.02267837524414,17.481388092041016,0.6963279843330383,1829,,,conformal,0.0,0.9380362249761678,0.9380362249761678,769.5742638111115,0.00731658935546875,769.5656824111938,hit
0.88,common_validation_conformal_088,Longyuan-SCADA,43,KDE,8,0.8056085463563525,0.282213419675827,101.30025482177734,25.90804100036621,16.210996627807617,0.7404298782348633,0,,,conformal,0.13375097513198853,0.8131553860819828,0.880838894184938,769.5742638111115,0.00731658935546875,769.5656824111938,hit
0.8,common_validation_conformal_080,SDWPF-SCADA,43,Proposed model,1,0.8630352644836272,0.1762622743844986,326.40728759765625,112.81786346435547,70.8350601196289,0.9177883863449097,4959,0.5,conformal,,0.0,0.8146399055489965,0.8146399055489965,3106.438127040863,0.012951374053955078,3106.4222931861877,hit
0.8,common_validation_conformal_080,SDWPF-SCADA,43,MLP-QR,4,0.8016372795969773,0.15337352454662323,374.10009765625,112.52229309082031,70.420166015625,0.9182186126708984,1893,,,conformal,0.0,0.8193624557260921,0.8193624557260921,3106.438127040863,0.012951374053955078,3106.4222931861877,hit
0.8,common_validation_conformal_080,SDWPF-SCADA,43,LSTM-QR,2,0.7982525188916877,0.13060598075389862,344.22943115234375,106.44157409667969,65.87594604492188,0.9268187284469604,9157,,,conformal,0.01249278336763382,0.7847304210940574,0.8004722550177096,3106.438127040863,0.012951374053955078,3106.4222931861877,hit
0.8,common_validation_conformal_080,SDWPF-SCADA,43,GRU-QR,3,0.7888066750629723,0.12843671441078186,346.5156555175781,106.19630432128906,66.02886962890625,0.927155613899231,7045,,,conformal,0.010009944438934326,0.7819756001574183,0.8004722550177096,3106.438127040863,0.012951374053955078,3106.4222931861877,hit
0.8,common_validation_conformal_080,SDWPF-SCADA,43,CNN-QR,7,0.8525661209068011,0.21139535307884216,451.21185302734375,108.74889373779297,71.200927734375,0.9236116409301758,3525,,,conformal,0.009314879775047302,0.7886658795749705,0.8004722550177096,3106.438127040863,0.012951374053955078,3106.4222931861877,hit
0.8,common_validation_conformal_080,SDWPF-SCADA,43,Transformer-QR,10,0.5665931989924433,0.12415961921215057,575.5423583984375,128.2560577392578,90.24736022949219,0.8937489986419678,17797,,,conformal,0.0,0.8213301849665486,0.8213301849665486,3106.438127040863,0.012951374053955078,3106.4222931861877,hit
0.8,common_validation_conformal_080,SDWPF-SCADA,43,SQR,5,0.8231265743073047,0.16967244446277618,406.3866882324219,118.48920440673828,76.48636627197266,0.9093151092529297,1793,,,conformal,0.06790399551391602,0.6859504132231405,0.8004722550177096,3106.438127040863,0.012951374053955078,3106.4222931861877,hit
0.8,common_validation_conformal_080,SDWPF-SCADA,43,LUBE-NN,6,0.8788570528967254,0.18985792994499207,410.3438720703125,107.7668685913086,69.72378540039062,0.9249850511550903,1893,,,conformal,0.35082533955574036,0.0019677292404565133,0.8004722550177096,3106.438127040863,0.012951374053955078,3106.4222931861877,hit
0.8,common_validation_conformal_080,SDWPF-SCADA,43,RQR-MLP,9,0.9796127204030227,0.32571855187416077,513.5327758789062,117.89018249511719,74.3791275024414,0.9102296829223633,1893,,,conformal,0.0,0.9842581660763479,0.9842581660763479,3106.438127040863,0.012951374053955078,3106.4222931861877,hit
0.8,common_validation_conformal_080,SDWPF-SCADA,43,KDE,8,0.8621693954659949,0.22214266657829285,460.4703369140625,108.05254364013672,68.86328125,0.924586832523346,0,,,conformal,0.0,0.8158205430932703,0.8158205430932703,3106.438127040863,0.012951374053955078,3106.4222931861877,hit
0.84,common_validation_conformal_084,SDWPF-SCADA,43,Proposed model,1,0.8849181360201511,0.18154354393482208,329.40850830078125,112.81786346435547,70.8350601196289,0.9177883863449097,4959,0.5,conformal,,0.009800195693969727,0.8146399055489965,0.8406139315230224,3106.438127040863,0.012951374053955078,3106.4222931861877,hit
0.84,common_validation_conformal_084,SDWPF-SCADA,43,MLP-QR,4,0.8270623425692695,0.16440162062644958,375.38983154296875,112.52229309082031,70.420166015625,0.9182186126708984,1893,,,conformal,0.020464390516281128,0.8193624557260921,0.8406139315230224,3106.438127040863,0.012951374053955078,3106.4222931861877,hit
0.84,common_validation_conformal_084,SDWPF-SCADA,43,LSTM-QR,2,0.8402078085642317,0.15181435644626617,347.3778991699219,106.44157409667969,65.87594604492188,0.9268187284469604,9157,,,conformal,0.05184829235076904,0.7847304210940574,0.8406139315230224,3106.438127040863,0.012951374053955078,3106.4222931861877,hit
0.84,common_validation_conformal_084,SDWPF-SCADA,43,GRU-QR,3,0.834146725440806,0.14992783963680267,348.5850524902344,106.19630432128906,66.02886962890625,0.927155613899231,7045,,,conformal,0.04989016056060791,0.7819756001574183,0.8406139315230224,3106.438127040863,0.012951374053955078,3106.4222931861877,hit
0.84,common_validation_conformal_084,SDWPF-SCADA,43,CNN-QR,7,0.8828715365239295,0.23648399114608765,464.3484802246094,108.74889373779297,71.200927734375,0.9236116409301758,3525,,,conformal,0.05587083101272583,0.7886658795749705,0.8406139315230224,3106.438127040863,0.012951374053955078,3106.4222931861877,hit
0.84,common_validation_conformal_084,SDWPF-SCADA,43,Transformer-QR,10,0.610044080604534,0.13758212327957153,554.000732421875,128.2560577392578,90.24736022949219,0.8937489986419678,17797,,,conformal,0.024907618761062622,0.8213301849665486,0.8406139315230224,3106.438127040863,0.012951374053955078,3106.4222931861877,hit
0.84,common_validation_conformal_084,SDWPF-SCADA,43,SQR,5,0.8657115869017632,0.1992078721523285,416.84893798828125,118.48920440673828,76.48636627197266,0.9093151092529297,1793,,,conformal,0.12271168828010559,0.6859504132231405,0.8406139315230224,3106.438127040863,0.012951374053955078,3106.4222931861877,hit
0.84,common_validation_conformal_084,SDWPF-SCADA,43,LUBE-NN,6,0.908375314861461,0.2223513126373291,433.55810546875,107.7668685913086,69.72378540039062,0.9249850511550903,1893,,,conformal,0.4111219644546509,0.0019677292404565133,0.8406139315230224,3106.438127040863,0.012951374053955078,3106.4222931861877,hit
0.84,common_validation_conformal_084,SDWPF-SCADA,43,RQR-MLP,9,0.9796127204030227,0.32571855187416077,513.5327758789062,117.89018249511719,74.3791275024414,0.9102296829223633,1893,,,conformal,0.0,0.9842581660763479,0.9842581660763479,3106.438127040863,0.012951374053955078,3106.4222931861877,hit
0.84,common_validation_conformal_084,SDWPF-SCADA,43,KDE,8,0.8809036523929471,0.23854616284370422,469.3755798339844,108.05254364013672,68.86328125,0.924586832523346,0,,,conformal,0.030439317226409912,0.8158205430932703,0.8406139315230224,3106.438127040863,0.012951374053955078,3106.4222931861877,hit
0.86,common_validation_conformal_086,SDWPF-SCADA,43,Proposed model,1,0.9032588161209067,0.1874110996723175,333.6037902832031,112.81786346435547,70.8350601196289,0.9177883863449097,4959,0.5,conformal,,0.020688369870185852,0.8146399055489965,0.8606847697756789,3106.438127040863,0.012951374053955078,3106.4222931861877,hit
0.86,common_validation_conformal_086,SDWPF-SCADA,43,MLP-QR,4,0.8494175062972292,0.17685364186763763,379.0205383300781,112.52229309082031,70.420166015625,0.9182186126708984,1893,,,conformal,0.043571099638938904,0.8193624557260921,0.8606847697756789,3106.438127040863,0.012951374053955078,3106.4222931861877,hit
0.86,common_validation_conformal_086,SDWPF-SCADA,43,LSTM-QR,3,0.8661838790931989,0.1658199280500412,353.029052734375,106.44157409667969,65.87594604492188,0.9268187284469604,9157,,,conformal,0.07783783972263336,0.7847304210940574,0.8606847697756789,3106.438127040863,0.012951374053955078,3106.4222931861877,hit
0.86,common_validation_conformal_086,SDWPF-SCADA,43,GRU-QR,2,0.8520151133501259,0.1604747623205185,351.9696044921875,106.19630432128906,66.02886962890625,0.927155613899231,7045,,,conformal,0.0694616436958313,0.7819756001574183,0.8606847697756789,3106.438127040863,0.012951374053955078,3106.4222931861877,hit
0.86,common_validation_conformal_086,SDWPF-SCADA,43,CNN-QR,7,0.8985358942065491,0.2532555162906647,475.9490966796875,108.74889373779297,71.200927734375,0.9236116409301758,3525,,,conformal,0.08699303865432739,0.7886658795749705,0.8606847697756789,3106.438127040863,0.012951374053955078,3106.4222931861877,hit
0.86,common_validation_conformal_086,SDWPF-SCADA,43,Transformer-QR,10,0.6524716624685138,0.15288148820400238,534.412841796875,128.2560577392578,90.24736022949219,0.8937489986419678,17797,,,conformal,0.053297996520996094,0.8213301849665486,0.8606847697756789,3106.438127040863,0.012951374053955078,3106.4222931861877,hit
0.86,common_validation_conformal_086,SDWPF-SCADA,43,SQR,5,0.8886964735516373,0.2168903350830078,427.30621337890625,118.48920440673828,76.48636627197266,0.9093151092529297,1793,,,conformal,0.15552431344985962,0.6859504132231405,0.8606847697756789,3106.438127040863,0.012951374053955078,3106.4222931861877,hit
0.86,common_validation_conformal_086,SDWPF-SCADA,43,LUBE-NN,6,0.9226227959697733,0.2442152202129364,452.773193359375,107.7668685913086,69.72378540039062,0.9249850511550903,1893,,,conformal,0.45169392228126526,0.0019677292404565133,0.8606847697756789,3106.438127040863,0.012951374053955078,3106.4222931861877,hit
0.86,common_validation_conformal_086,SDWPF-SCADA,43,RQR-MLP,9,0.9796127204030227,0.32571855187416077,513.5327758789062,117.89018249511719,74.3791275024414,0.9102296829223633,1893,,,conformal,0.0,0.9842581660763479,0.9842581660763479,3106.438127040863,0.012951374053955078,3106.4222931861877,hit
0.86,common_validation_conformal_086,SDWPF-SCADA,43,KDE,8,0.8981423173803527,0.25480663776397705,480.51123046875,108.05254364013672,68.86328125,0.924586832523346,0,,,conformal,0.06061321496963501,0.8158205430932703,0.8606847697756789,3106.438127040863,0.012951374053955078,3106.4222931861877,hit
0.88,common_validation_conformal_088,SDWPF-SCADA,43,Proposed model,1,0.9268734256926953,0.19784049689769745,342.7686462402344,112.81786346435547,70.8350601196289,0.9177883863449097,4959,0.5,conformal,,0.04004180431365967,0.8146399055489965,0.880362062180244,3106.438127040863,0.012951374053955078,3106.4222931861877,hit
0.88,common_validation_conformal_088,SDWPF-SCADA,43,MLP-QR,4,0.8801952141057935,0.19752582907676697,389.3216247558594,112.52229309082031,70.420166015625,0.9182186126708984,1893,,,conformal,0.08193159103393555,0.8193624557260921,0.880362062180244,3106.438127040863,0.012951374053955078,3106.4222931861877,hit
0.88,common_validation_conformal_088,SDWPF-SCADA,43,LSTM-QR,3,0.896095717884131,0.1843806356191635,364.6799011230469,106.44157409667969,65.87594604492188,0.9268187284469604,9157,,,conformal,0.11228013038635254,0.7847304210940574,0.880362062180244,3106.438127040863,0.012951374053955078,3106.4222931861877,hit
0.88,common_validation_conformal_088,SDWPF-SCADA,43,GRU-QR,2,0.8800377833753149,0.1773180067539215,360.4699401855469,106.19630432128906,66.02886962890625,0.927155613899231,7045,,,conformal,0.10071694850921631,0.7819756001574183,0.880362062180244,3106.438127040863,0.012951374053955078,3106.4222931861877,hit
0.88,common_validation_conformal_088,SDWPF-SCADA,43,CNN-QR,7,0.9187657430730478,0.2771783769130707,495.77008056640625,108.74889373779297,71.200927734375,0.9236116409301758,3525,,,conformal,0.1313856840133667,0.7886658795749705,0.880362062180244,3106.438127040863,0.012951374053955078,3106.4222931861877,hit
0.88,common_validation_conformal_088,SDWPF-SCADA,43,Transformer-QR,10,0.7075724181360201,0.17498250305652618,514.1893310546875,128.2560577392578,90.24736022949219,0.8937489986419678,17797,,,conformal,0.09430989623069763,0.8213301849665486,0.880362062180244,3106.438127040863,0.012951374053955078,3106.4222931861877,hit
0.88,common_validation_conformal_088,SDWPF-SCADA,43,SQR,5,0.9088476070528967,0.23840628564357758,443.4896240234375,118.48920440673828,76.48636627197266,0.9093151092529297,1793,,,conformal,0.19545060396194458,0.6859504132231405,0.880362062180244,3106.438127040863,0.012951374053955078,3106.4222931861877,hit
0.88,common_validation_conformal_088,SDWPF-SCADA,43,LUBE-NN,6,0.9367128463476071,0.26869654655456543,476.8956298828125,107.7668685913086,69.72378540039062,0.9249850511550903,1893,,,conformal,0.4971228837966919,0.0019677292404565133,0.880362062180244,3106.438127040863,0.012951374053955078,3106.4222931861877,hit
0.88,common_validation_conformal_088,SDWPF-SCADA,43,RQR-MLP,9,0.9796127204030227,0.32571855187416077,513.5327758789062,117.89018249511719,74.3791275024414,0.9102296829223633,1893,,,conformal,0.0,0.9842581660763479,0.9842581660763479,3106.438127040863,0.012951374053955078,3106.4222931861877,hit
0.88,common_validation_conformal_088,SDWPF-SCADA,43,KDE,8,0.9146725440806045,0.27630189061164856,497.9916687011719,108.05254364013672,68.86328125,0.924586832523346,0,,,conformal,0.10050097107887268,0.8158205430932703,0.880362062180244,3106.438127040863,0.012951374053955078,3106.4222931861877,hit
0.8,common_validation_conformal_080,WPF-SCADA,44,Proposed model,1,0.7824310520939735,0.15793775022029877,452.67059326171875,163.44825744628906,103.60303497314453,0.8994503021240234,9971,0.5,conformal,,0.0,0.8171603677221655,0.8171603677221655,1178.9849054813385,0.007768154144287109,1178.975771188736,hit
0.8,common_validation_conformal_080,WPF-SCADA,44,MLP-QR,4,0.7993871297242083,0.18012872338294983,586.3040161132812,177.74139404296875,112.13471984863281,0.8810957670211792,2021,,,conformal,0.0004406571388244629,0.797752808988764,0.8008171603677222,1178.9849054813385,0.007768154144287109,1178.975771188736,hit
0.8,common_validation_conformal_080,WPF-SCADA,44,LSTM-QR,3,0.8153217568947906,0.18165262043476105,563.417724609375,175.42868041992188,110.04424285888672,0.8841699361801147,9285,,,conformal,0.0,0.8263534218590398,0.8263534218590398,1178.9849054813385,0.007768154144287109,1178.975771188736,hit
0.8,common_validation_conformal_080,WPF-SCADA,44,GRU-QR,2,0.8145045965270684,0.18169304728507996,546.5410766601562,173.12008666992188,108.85443115234375,0.8871984481811523,7173,,,conformal,0.0,0.8192032686414709,0.8192032686414709,1178.9849054813385,0.007768154144287109,1178.975771188736,hit
0.8,common_validation_conformal_080,WPF-SCADA,44,CNN-QR,6,0.8326864147088866,0.22813847661018372,602.8718872070312,184.5604248046875,118.14913177490234,0.8717972636222839,3525,,,conformal,0.0,0.8140960163432074,0.8140960163432074,1178.9849054813385,0.007768154144287109,1178.975771188736,hit
0.8,common_validation_conformal_080,WPF-SCADA,44,Transformer-QR,5,0.8046986721144025,0.18149927258491516,594.4934692382812,179.04714965820312,111.41437530517578,0.8793423175811768,17925,,,conformal,0.0,0.8314606741573034,0.8314606741573034,1178.9849054813385,0.007768154144287109,1178.975771188736,hit
0.8,common_validation_conformal_080,WPF-SCADA,44,SQR,7,0.7638406537282941,0.15233124792575836,610.2959594726562,175.4880828857422,110.80538940429688,0.8840914368629456,1921,,,conformal,0.02900981903076172,0.7446373850868233,0.8008171603677222,1178.9849054813385,0.007768154144287109,1178.975771188736,hit
0.8,common_validation_conformal_080,WPF-SCADA,44,LUBE-NN,10,0.8016343207354444,0.2612568438053131,826.80810546875,236.0584259033203,178.87705993652344,0.7902706861495972,2021,,,conformal,0.3662347197532654,0.0,0.7997957099080695,1178.9849054813385,0.007768154144287109,1178.975771188736,hit
0.8,common_validation_conformal_080,WPF-SCADA,44,RQR-MLP,9,0.9628192032686415,0.4004422724246979,754.0599365234375,177.7902374267578,111.79817199707031,0.8810303807258606,2021,,,conformal,0.0,0.992849846782431,0.992849846782431,1178.9849054813385,0.007768154144287109,1178.975771188736,hit
0.8,common_validation_conformal_080,WPF-SCADA,44,KDE,8,0.7934627170582227,0.18719474971294403,678.4073486328125,182.93043518066406,113.78882598876953,0.8740517497062683,0,,,conformal,0.0,0.8120531154239019,0.8120531154239019,1178.9849054813385,0.007768154144287109,1178.975771188736,hit
0.84,common_validation_conformal_084,WPF-SCADA,44,Proposed model,1,0.8169560776302349,0.16566099226474762,452.69183349609375,163.44825744628906,103.60303497314453,0.8994503021240234,9971,0.5,conformal,,0.010860875248908997,0.8171603677221655,0.8416751787538305,1178.9849054813385,0.007768154144287109,1178.975771188736,hit
0.84,common_validation_conformal_084,WPF-SCADA,44,MLP-QR,4,0.8283963227783453,0.19719499349594116,588.6463012695312,177.74139404296875,112.13471984863281,0.8810957670211792,2021,,,conformal,0.02444031834602356,0.797752808988764,0.8416751787538305,1178.9849054813385,0.007768154144287109,1178.975771188736,hit
0.84,common_validation_conformal_084,WPF-SCADA,44,LSTM-QR,3,0.8243105209397344,0.18846666812896729,564.6134643554688,175.42868041992188,110.04424285888672,0.8841699361801147,9285,,,conformal,0.009582340717315674,0.8263534218590398,0.8416751787538305,1178.9849054813385,0.007768154144287109,1178.975771188736,hit
0.84,common_validation_conformal_084,WPF-SCADA,44,GRU-QR,2,0.8273748723186926,0.1905541718006134,548.2229614257812,173.12008666992188,108.85443115234375,0.8871984481811523,7173,,,conformal,0.012461051344871521,0.8192032686414709,0.8416751787538305,1178.9849054813385,0.007768154144287109,1178.975771188736,hit
0.84,common_validation_conformal_084,WPF-SCADA,44,CNN-QR,7,0.8531154239019407,0.2416841983795166,608.0158081054688,184.5604248046875,118.14913177490234,0.8717972636222839,3525,,,conformal,0.01904881000518799,0.8140960163432074,0.8416751787538305,1178.9849054813385,0.007768154144287109,1178.975771188736,hit
0.84,common_validation_conformal_084,WPF-SCADA,44,Transformer-QR,5,0.8106230847803881,0.1856597512960434,594.7815551757812,179.04714965820312,111.41437530517578,0.8793423175811768,17925,,,conformal,0.005850732326507568,0.8314606741573034,0.8416751787538305,1178.9849054813385,0.007768154144287109,1178.975771188736,hit
0.84,common_validation_conformal_084,WPF-SCADA,44,SQR,6,0.7969356486210418,0.1697765737771988,607.4526977539062,175.4880828857422,110.80538940429688,0.8840914368629456,1921,,,conformal,0.05354247987270355,0.7446373850868233,0.8416751787538305,1178.9849054813385,0.007768154144287109,1178.975771188736,hit
0.84,common_validation_conformal_084,WPF-SCADA,44,LUBE-NN,10,0.8269662921348314,0.28453996777534485,829.945556640625,236.0584259033203,178.87705993652344,0.7902706861495972,2021,,,conformal,0.3989768624305725,0.0,0.8416751787538305,1178.9849054813385,0.007768154144287109,1178.975771188736,hit
0.84,common_validation_conformal_084,WPF-SCADA,44,RQR-MLP,9,0.9628192032686415,0.4004422724246979,754.0599365234375,177.7902374267578,111.79817199707031,0.8810303807258606,2021,,,conformal,0.0,0.992849846782431,0.992849846782431,1178.9849054813385,0.007768154144287109,1178.975771188736,hit
0.84,common_validation_conformal_084,WPF-SCADA,44,KDE,8,0.8157303370786517,0.20369257032871246,679.1701049804688,182.93043518066406,113.78882598876953,0.8740517497062683,0,,,conformal,0.023200273513793945,0.8120531154239019,0.8416751787538305,1178.9849054813385,0.007768154144287109,1178.975771188736,hit
0.86,common_validation_conformal_086,WPF-SCADA,44,Proposed model,1,0.8473953013278857,0.17610087990760803,455.7654724121094,163.44825744628906,103.60303497314453,0.8994503021240234,9971,0.5,conformal,,0.025542065501213074,0.8171603677221655,0.8610827374872319,1178.9849054813385,0.007768154144287109,1178.975771188736,hit
0.86,common_validation_conformal_086,WPF-SCADA,44,MLP-QR,4,0.8467824310520939,0.21177725493907928,593.5285034179688,177.74139404296875,112.13471984863281,0.8810957670211792,2021,,,conformal,0.044946759939193726,0.797752808988764,0.8610827374872319,1178.9849054813385,0.007768154144287109,1178.975771188736,hit
0.86,common_validation_conformal_086,WPF-SCADA,44,LSTM-QR,3,0.8390194075587334,0.20031309127807617,567.8927001953125,175.42868041992188,110.04424285888672,0.8841699361801147,9285,,,conformal,0.0262414813041687,0.8263534218590398,0.8610827374872319,1178.9849054813385,0.007768154144287109,1178.975771188736,hit
0.86,common_validation_conformal_086,WPF-SCADA,44,GRU-QR,2,0.8486210418794689,0.20530323684215546,553.3336181640625,173.12008666992188,108.85443115234375,0.8871984481811523,7173,,,conformal,0.03320206701755524,0.8192032686414709,0.8610827374872319,1178.9849054813385,0.007768154144287109,1178.975771188736,hit
0.86,common_validation_conformal_086,WPF-SCADA,44,CNN-QR,7,0.8733401430030644,0.2570428252220154,616.6234130859375,184.5604248046875,118.14913177490234,0.8717972636222839,3525,,,conformal,0.04064705967903137,0.8140960163432074,0.8610827374872319,1178.9849054813385,0.007768154144287109,1178.975771188736,hit
0.86,common_validation_conformal_086,WPF-SCADA,44,Transformer-QR,5,0.8247191011235955,0.1973176896572113,596.6435546875,179.04714965820312,111.41437530517578,0.8793423175811768,17925,,,conformal,0.022244811058044434,0.8314606741573034,0.8610827374872319,1178.9849054813385,0.007768154144287109,1178.975771188736,hit
0.86,common_validation_conformal_086,WPF-SCADA,44,SQR,6,0.819611848825332,0.18599554896354675,608.7542114257812,175.4880828857422,110.80538940429688,0.8840914368629456,1921,,,conformal,0.07635056972503662,0.7446373850868233,0.8610827374872319,1178.9849054813385,0.007768154144287109,1178.975771188736,hit
0.86,common_validation_conformal_086,WPF-SCADA,44,LUBE-NN,10,0.8461695607763023,0.3015972673892975,835.4899291992188,236.0584259033203,178.87705993652344,0.7902706861495972,2021,,,conformal,0.4229638874530792,0.0,0.8610827374872319,1178.9849054813385,0.007768154144287109,1178.975771188736,hit
0.86,common_validation_conformal_086,WPF-SCADA,44,RQR-MLP,9,0.9628192032686415,0.4004422724246979,754.0599365234375,177.7902374267578,111.79817199707031,0.8810303807258606,2021,,,conformal,0.0,0.992849846782431,0.992849846782431,1178.9849054813385,0.007768154144287109,1178.975771188736,hit
0.86,common_validation_conformal_086,WPF-SCADA,44,KDE,8,0.8302349336057201,0.21607406437397003,681.64501953125,182.93043518066406,113.78882598876953,0.8740517497062683,0,,,conformal,0.040611833333969116,0.8120531154239019,0.8610827374872319,1178.9849054813385,0.007768154144287109,1178.975771188736,hit
0.88,common_validation_conformal_088,WPF-SCADA,44,Proposed model,1,0.8717058222676201,0.187638521194458,461.9019470214844,163.44825744628906,103.60303497314453,0.8994503021240234,9971,0.5,conformal,,0.041767001152038574,0.8171603677221655,0.881511746680286,1178.9849054813385,0.007768154144287109,1178.975771188736,hit
0.88,common_validation_conformal_088,WPF-SCADA,44,MLP-QR,5,0.8676200204290092,0.23171044886112213,603.6347045898438,177.74139404296875,112.13471984863281,0.8810957670211792,2021,,,conformal,0.07297801971435547,0.797752808988764,0.881511746680286,1178.9849054813385,0.007768154144287109,1178.975771188736,hit
0.88,common_validation_conformal_088,WPF-SCADA,44,LSTM-QR,3,0.8576098059244127,0.2151240110397339,574.2376098632812,175.42868041992188,110.04424285888672,0.8841699361801147,9285,,,conformal,0.0470694899559021,0.8263534218590398,0.881511746680286,1178.9849054813385,0.007768154144287109,1178.975771188736,hit
0.88,common_validation_conformal_088,WPF-SCADA,44,GRU-QR,2,0.8610827374872319,0.21525806188583374,558.1640014648438,173.12008666992188,108.85443115234375,0.8871984481811523,7173,,,conformal,0.04720115661621094,0.8192032686414709,0.881511746680286,1178.9849054813385,0.007768154144287109,1178.975771188736,hit
0.88,common_validation_conformal_088,WPF-SCADA,44,CNN-QR,7,0.8894790602655771,0.272278755903244,627.6082763671875,184.5604248046875,118.14913177490234,0.8717972636222839,3525,,,conformal,0.06207266449928284,0.8140960163432074,0.881511746680286,1178.9849054813385,0.007768154144287109,1178.975771188736,hit
0.88,common_validation_conformal_088,WPF-SCADA,44,Transformer-QR,4,0.8451481103166496,0.21246455609798431,601.2991943359375,179.04714965820312,111.41437530517578,0.8793423175811768,17925,,,conformal,0.04354524612426758,0.8314606741573034,0.881511746680286,1178.9849054813385,0.007768154144287109,1178.975771188736,hit
0.88,common_validation_conformal_088,WPF-SCADA,44,SQR,6,0.8449438202247191,0.2079439014196396,615.0159912109375,175.4880828857422,110.80538940429688,0.8840914368629456,1921,,,conformal,0.10721568018198013,0.7446373850868233,0.881511746680286,1178.9849054813385,0.007768154144287109,1178.975771188736,hit
0.88,common_validation_conformal_088,WPF-SCADA,44,LUBE-NN,10,0.8596527068437181,0.31582915782928467,842.163818359375,236.0584259033203,178.87705993652344,0.7902706861495972,2021,,,conformal,0.4429776072502136,0.0,0.881511746680286,1178.9849054813385,0.007768154144287109,1178.975771188736,hit
0.88,common_validation_conformal_088,WPF-SCADA,44,RQR-MLP,9,0.9628192032686415,0.4004422724246979,754.0599365234375,177.7902374267578,111.79817199707031,0.8810303807258606,2021,,,conformal,0.0,0.992849846782431,0.992849846782431,1178.9849054813385,0.007768154144287109,1178.975771188736,hit
0.88,common_validation_conformal_088,WPF-SCADA,44,KDE,8,0.8408580183861083,0.23148797452449799,686.4827270507812,182.93043518066406,113.78882598876953,0.8740517497062683,0,,,conformal,0.062287837266922,0.8120531154239019,0.881511746680286,1178.9849054813385,0.007768154144287109,1178.975771188736,hit
0.8,common_validation_conformal_080,Longyuan-SCADA,44,Proposed model,1,0.7363601678748569,0.20707327127456665,81.86526489257812,25.04183578491211,16.642822265625,0.7574965953826904,4373,0.05,conformal,,0.0,0.8026692087702574,0.8026692087702574,916.624329328537,0.007391452789306641,916.6156296730042,hit
0.8,common_validation_conformal_080,Longyuan-SCADA,44,MLP-QR,7,0.7006867607783289,0.18023735284805298,99.9045181274414,27.17591094970703,16.900419235229492,0.7144029140472412,1829,,,conformal,0.047214239835739136,0.7702573879885606,0.8007626310772163,916.624329328537,0.007391452789306641,916.6156296730042,hit
0.8,common_validation_conformal_080,Longyuan-SCADA,44,LSTM-QR,2,0.695154521175124,0.17225117981433868,92.36990356445312,25.430601119995117,16.09096336364746,0.7499085664749146,9093,,,conformal,0.029894426465034485,0.773117254528122,0.8007626310772163,916.624329328537,0.007391452789306641,916.6156296730042,hit
0.8,common_validation_conformal_080,Longyuan-SCADA,44,GRU-QR,3,0.702212895841282,0.1730692833662033,93.575927734375,25.5140323638916,15.99238109588623,0.7482649087905884,6981,,,conformal,0.009536728262901306,0.7893231649189705,0.8007626310772163,916.624329328537,0.007391452789306641,916.6156296730042,hit
0.8,common_validation_conformal_080,Longyuan-SCADA,44,CNN-QR,8,0.7281571919114842,0.1972643882036209,102.31641387939453,25.30866813659668,16.10715675354004,0.7523010969161987,3525,,,conformal,0.03810673952102661,0.7740705433746425,0.8007626310772163,916.624329328537,0.007391452789306641,916.6156296730042,hit
0.8,common_validation_conformal_080,Longyuan-SCADA,44,Transformer-QR,5,0.7081266692102252,0.1849518120288849,95.98768615722656,26.1479549407959,16.377605438232422,0.7356002926826477,17733,,,conformal,0.03713880479335785,0.7616777883698761,0.8007626310772163,916.624329328537,0.007391452789306641,916.6156296730042,hit
0.8,common_validation_conformal_080,Longyuan-SCADA,44,SQR,9,0.6608164822586798,0.15685182809829712,102.85873413085938,26.856962203979492,17.287837982177734,0.7210674285888672,1729,,,conformal,0.0841413140296936,0.7254528122020972,0.8007626310772163,916.624329328537,0.007391452789306641,916.6156296730042,hit
0.8,common_validation_conformal_080,Longyuan-SCADA,44,LUBE-NN,10,0.6875238458603586,0.1940997987985611,105.0549087524414,26.892019271850586,18.705848693847656,0.7203387022018433,1829,,,conformal,0.3351139426231384,0.012392755004766444,0.8007626310772163,916.624329328537,0.007391452789306641,916.6156296730042,hit
0.8,common_validation_conformal_080,Longyuan-SCADA,44,RQR-MLP,4,0.908813429988554,0.3866167366504669,94.87071990966797,25.05029296875,15.859613418579102,0.7573328018188477,1829,,,conformal,0.0,0.9313632030505243,0.9313632030505243,916.624329328537,0.007391452789306641,916.6156296730042,hit
0.8,common_validation_conformal_080,Longyuan-SCADA,44,KDE,6,0.7415108737123235,0.20975428819656372,99.59000396728516,25.27264976501465,15.991671562194824,0.7530056238174438,0,,,conformal,0.0,0.8036224976167778,0.8036224976167778,916.624329328537,0.007391452789306641,916.6156296730042,hit
0.84,common_validation_conformal_084,Longyuan-SCADA,44,Proposed model,1,0.7815719191148417,0.22545985877513885,81.10830688476562,25.04183578491211,16.642822265625,0.7574965953826904,4373,0.05,conformal,,0.03199612349271774,0.8026692087702574,0.8408007626310772,916.624329328537,0.007391452789306641,916.6156296730042,hit
0.84,common_validation_conformal_084,Longyuan-SCADA,44,MLP-QR,6,0.7460892789011827,0.21159033477306366,97.52129364013672,27.17591094970703,16.900419235229492,0.7144029140472412,1829,,,conformal,0.10177427530288696,0.7702573879885606,0.8408007626310772,916.624329328537,0.007391452789306641,916.6156296730042,hit
0.84,common_validation_conformal_084,Longyuan-SCADA,44,LSTM-QR,2,0.7439908431896223,0.2031940519809723,89.86100769042969,25.430601119995117,16.09096336364746,0.7499085664749146,9093,,,conformal,0.08374077081680298,0.773117254528122,0.8408007626310772,916.624329328537,0.007391452789306641,916.6156296730042,hit
0.84,common_validation_conformal_084,Longyuan-SCADA,44,GRU-QR,3,0.7434185425410149,0.20048081874847412,91.47269439697266,25.5140323638916,15.99238109588623,0.7482649087905884,6981,,,conformal,0.057237982749938965,0.7893231649189705,0.8408007626310772,916.624329328537,0.007391452789306641,916.6156296730042,hit
0.84,common_validation_conformal_084,Longyuan-SCADA,44,CNN-QR,9,0.769172071728348,0.2411806583404541,100.080810546875,25.30866813659668,16.10715675354004,0.7523010969161987,3525,,,conformal,0.11452922224998474,0.7740705433746425,0.8408007626310772,916.624329328537,0.007391452789306641,916.6156296730042,hit
0.84,common_validation_conformal_084,Longyuan-SCADA,44,Transformer-QR,4,0.7638305990080122,0.22143340110778809,93.72543334960938,26.1479549407959,16.377605438232422,0.7356002926826477,17733,,,conformal,0.10062354803085327,0.7616777883698761,0.8408007626310772,916.624329328537,0.007391452789306641,916.6156296730042,hit
0.84,common_validation_conformal_084,Longyuan-SCADA,44,SQR,8,0.7304463945059138,0.19454410672187805,99.02987670898438,26.856962203979492,17.287837982177734,0.7210674285888672,1729,,,conformal,0.14973290264606476,0.7254528122020972,0.8408007626310772,916.624329328537,0.007391452789306641,916.6156296730042,hit
0.84,common_validation_conformal_084,Longyuan-SCADA,44,LUBE-NN,10,0.7685997710797405,0.2493000328540802,101.18277740478516,26.892019271850586,18.705848693847656,0.7203387022018433,1829,,,conformal,0.4311726987361908,0.012392755004766444,0.8408007626310772,916.624329328537,0.007391452789306641,916.6156296730042,hit
0.84,common_validation_conformal_084,Longyuan-SCADA,44,RQR-MLP,5,0.908813429988554,0.3866167366504669,94.87071990966797,25.05029296875,15.859613418579102,0.7573328018188477,1829,,,conformal,0.0,0.9313632030505243,0.9313632030505243,916.624329328537,0.007391452789306641,916.6156296730042,hit
0.84,common_validation_conformal_084,Longyuan-SCADA,44,KDE,7,0.7825257535291873,0.2545246481895447,97.97222900390625,25.27264976501465,15.991671562194824,0.7530056238174438,0,,,conformal,0.07790887355804443,0.8036224976167778,0.8408007626310772,916.624329328537,0.007391452789306641,916.6156296730042,hit
0.86,common_validation_conformal_086,Longyuan-SCADA,44,Proposed model,1,0.8187714612743228,0.2453729510307312,81.13272094726562,25.04183578491211,16.642822265625,0.7574965953826904,4373,0.05,conformal,,0.06664863228797913,0.8026692087702574,0.8608198284080076,916.624329328537,0.007391452789306641,916.6156296730042,hit
0.86,common_validation_conformal_086,Longyuan-SCADA,44,MLP-QR,6,0.779282716520412,0.24455395340919495,96.27313995361328,27.17591094970703,16.900419235229492,0.7144029140472412,1829,,,conformal,0.15913715958595276,0.7702573879885606,0.8608198284080076,916.624329328537,0.007391452789306641,916.6156296730042,hit
0.86,common_validation_conformal_086,Longyuan-SCADA,44,LSTM-QR,2,0.7829072872949256,0.23458561301231384,88.6963119506836,25.430601119995117,16.09096336364746,0.7499085664749146,9093,,,conformal,0.13836801052093506,0.773117254528122,0.8608198284080076,916.624329328537,0.007391452789306641,916.6156296730042,hit
0.86,common_validation_conformal_086,Longyuan-SCADA,44,GRU-QR,3,0.7733689431514689,0.22741290926933289,90.3643798828125,25.5140323638916,15.99238109588623,0.7482649087905884,6981,,,conformal,0.10410481691360474,0.7893231649189705,0.8608198284080076,916.624329328537,0.007391452789306641,916.6156296730042,hit
0.86,common_validation_conformal_086,Longyuan-SCADA,44,CNN-QR,9,0.7975963372758489,0.2728433310985565,99.53437042236328,25.30866813659668,16.10715675354004,0.7523010969161987,3525,,,conformal,0.16962826251983643,0.7740705433746425,0.8608198284080076,916.624329328537,0.007391452789306641,916.6156296730042,hit
0.86,common_validation_conformal_086,Longyuan-SCADA,44,Transformer-QR,4,0.7809996184662342,0.2388770580291748,93.24188232421875,26.1479549407959,16.377605438232422,0.7356002926826477,17733,,,conformal,0.1309787929058075,0.7616777883698761,0.8608198284080076,916.624329328537,0.007391452789306641,916.6156296730042,hit
0.86,common_validation_conformal_086,Longyuan-SCADA,44,SQR,7,0.7605875619992369,0.22128881514072418,97.56317901611328,26.856962203979492,17.287837982177734,0.7210674285888672,1729,,,conformal,0.19627374410629272,0.7254528122020972,0.8608198284080076,916.624329328537,0.007391452789306641,916.6156296730042,hit
0.86,common_validation_conformal_086,Longyuan-SCADA,44,LUBE-NN,10,0.7974055703929798,0.2781301736831665,100.70779418945312,26.892019271850586,18.705848693847656,0.7203387022018433,1829,,,conformal,0.48134246468544006,0.012392755004766444,0.8608198284080076,916.624329328537,0.007391452789306641,916.6156296730042,hit
0.86,common_validation_conformal_086,Longyuan-SCADA,44,RQR-MLP,5,0.908813429988554,0.3866167366504669,94.87071990966797,25.05029296875,15.859613418579102,0.7573328018188477,1829,,,conformal,0.0,0.9313632030505243,0.9313632030505243,916.624329328537,0.007391452789306641,916.6156296730042,hit
0.86,common_validation_conformal_086,Longyuan-SCADA,44,KDE,8,0.7998855398702786,0.2776392996311188,97.76469421386719,25.27264976501465,15.991671562194824,0.7530056238174438,0,,,conformal,0.11813265085220337,0.8036224976167778,0.8608198284080076,916.624329328537,0.007391452789306641,916.6156296730042,hit
0.88,common_validation_conformal_088,Longyuan-SCADA,44,Proposed model,1,0.8439526898130485,0.26842281222343445,81.86861419677734,25.04183578491211,16.642822265625,0.7574965953826904,4373,0.05,conformal,,0.1067596822977066,0.8026692087702574,0.880838894184938,916.624329328537,0.007391452789306641,916.6156296730042,hit
0.88,common_validation_conformal_088,Longyuan-SCADA,44,MLP-QR,6,0.803510110644792,0.2730478346347809,96.04900360107422,27.17591094970703,16.900419235229492,0.7144029140472412,1829,,,conformal,0.20872187614440918,0.7702573879885606,0.880838894184938,916.624329328537,0.007391452789306641,916.6156296730042,hit
0.88,common_validation_conformal_088,Longyuan-SCADA,44,LSTM-QR,2,0.8202975963372758,0.27326756715774536,88.78296661376953,25.430601119995117,16.09096336364746,0.7499085664749146,9093,,,conformal,0.20568186044692993,0.773117254528122,0.880838894184938,916.624329328537,0.007391452789306641,916.6156296730042,hit
0.88,common_validation_conformal_088,Longyuan-SCADA,44,GRU-QR,3,0.8187714612743228,0.2701653242111206,90.23570251464844,25.5140323638916,15.99238109588623,0.7482649087905884,6981,,,conformal,0.17850211262702942,0.7893231649189705,0.880838894184938,916.624329328537,0.007391452789306641,916.6156296730042,hit
0.88,common_validation_conformal_088,Longyuan-SCADA,44,CNN-QR,9,0.820488363220145,0.30454540252685547,99.82449340820312,25.30866813659668,16.10715675354004,0.7523010969161987,3525,,,conformal,0.22479581832885742,0.7740705433746425,0.880838894184938,916.624329328537,0.007391452789306641,916.6156296730042,hit
0.88,common_validation_conformal_088,Longyuan-SCADA,44,Transformer-QR,4,0.8109500190766883,0.2660953104496002,93.13233184814453,26.1479549407959,16.377605438232422,0.7356002926826477,17733,,,conformal,0.17834368348121643,0.7616777883698761,0.880838894184938,916.624329328537,0.007391452789306641,916.6156296730042,hit
0.88,common_validation_conformal_088,Longyuan-SCADA,44,SQR,7,0.789202594429607,0.2543151080608368,96.73544311523438,26.856962203979492,17.287837982177734,0.7210674285888672,1729,,,conformal,0.2537456154823303,0.7254528122020972,0.880838894184938,916.624329328537,0.007391452789306641,916.6156296730042,hit
0.88,common_validation_conformal_088,Longyuan-SCADA,44,LUBE-NN,10,0.8389927508584509,0.32910698652267456,101.69902038574219,26.892019271850586,18.705848693847656,0.7203387022018433,1829,,,conformal,0.5700517296791077,0.012392755004766444,0.880838894184938,916.624329328537,0.007391452789306641,916.6156296730042,hit
0.88,common_validation_conformal_088,Longyuan-SCADA,44,RQR-MLP,5,0.908813429988554,0.3866167366504669,94.87071990966797,25.05029296875,15.859613418579102,0.7573328018188477,1829,,,conformal,0.0,0.9313632030505243,0.9313632030505243,916.624329328537,0.007391452789306641,916.6156296730042,hit
0.88,common_validation_conformal_088,Longyuan-SCADA,44,KDE,8,0.8340328119038535,0.3177655339241028,98.46515655517578,25.27264976501465,15.991671562194824,0.7530056238174438,0,,,conformal,0.18795990943908691,0.8036224976167778,0.880838894184938,916.624329328537,0.007391452789306641,916.6156296730042,hit
0.8,common_validation_conformal_080,SDWPF-SCADA,44,Proposed model,4,0.7428369017632241,0.17721031606197357,369.4207458496094,112.60855102539062,78.4277114868164,0.918093204498291,4959,0.3,conformal,,0.0007603690028190613,0.7965367965367965,0.8004722550177096,2716.8458008766174,0.01269388198852539,2716.8303813934326,hit
0.8,common_validation_conformal_080,SDWPF-SCADA,44,MLP-QR,5,0.790853274559194,0.1446896344423294,371.9696044921875,110.84644317626953,72.99861907958984,0.9206364750862122,1893,,,conformal,0.0,0.8016528925619835,0.8016528925619835,2716.8458008766174,0.01269388198852539,2716.8303813934326,hit
0.8,common_validation_conformal_080,SDWPF-SCADA,44,LSTM-QR,3,0.7882556675062973,0.13287228345870972,356.3210144042969,103.54729461669922,63.544681549072266,0.9307444095611572,9157,,,conformal,0.032102346420288086,0.7666273120818575,0.8004722550177096,2716.8458008766174,0.01269388198852539,2716.8303813934326,hit
0.8,common_validation_conformal_080,SDWPF-SCADA,44,GRU-QR,2,0.7278022670025189,0.10992930084466934,353.47650146484375,104.29281616210938,63.411415100097656,0.9297435879707336,7045,,,conformal,0.0130433589220047,0.7863046044864227,0.8004722550177096,2716.8458008766174,0.01269388198852539,2716.8303813934326,hit
0.8,common_validation_conformal_080,SDWPF-SCADA,44,CNN-QR,7,0.8139168765743073,0.19845977425575256,440.8058776855469,108.22039031982422,69.05136108398438,0.9243523478507996,3525,,,conformal,0.003453001379966736,0.7977174340810704,0.8004722550177096,2716.8458008766174,0.01269388198852539,2716.8303813934326,hit
0.8,common_validation_conformal_080,SDWPF-SCADA,44,Transformer-QR,1,0.8096662468513854,0.12584131956100464,337.4548034667969,104.4690933227539,64.59053039550781,0.9295058846473694,17797,,,conformal,0.05127497762441635,0.7367178276269185,0.8004722550177096,2716.8458008766174,0.01269388198852539,2716.8303813934326,hit
0.8,common_validation_conformal_080,SDWPF-SCADA,44,SQR,6,0.8454817380352645,0.16792415082454681,385.15478515625,112.85579681396484,74.89131164550781,0.9177331328392029,1793,,,conformal,0.05850934982299805,0.7331759149940968,0.8004722550177096,2716.8458008766174,0.01269388198852539,2716.8303813934326,hit
0.8,common_validation_conformal_080,SDWPF-SCADA,44,LUBE-NN,9,0.8465050377833753,0.19117306172847748,461.94537353515625,119.9579849243164,75.13777923583984,0.9070529341697693,1893,,,conformal,0.35407498478889465,0.0019677292404565133,0.8004722550177096,2716.8458008766174,0.01269388198852539,2716.8303813934326,hit
0.8,common_validation_conformal_080,SDWPF-SCADA,44,RQR-MLP,10,0.9814231738035264,0.32768189907073975,514.5703125,106.16107177734375,66.22991943359375,0.9272039532661438,1893,,,conformal,0.0,0.9759937032664305,0.9759937032664305,2716.8458008766174,0.01269388198852539,2716.8303813934326,hit
0.8,common_validation_conformal_080,SDWPF-SCADA,44,KDE,8,0.8306045340050378,0.2018243670463562,442.0383605957031,108.5242919921875,67.15109252929688,0.9239268898963928,0,,,conformal,0.0,0.8044077134986226,0.8044077134986226,2716.8458008766174,0.01269388198852539,2716.8303813934326,hit
0.84,common_validation_conformal_084,SDWPF-SCADA,44,Proposed model,4,0.8053369017632241,0.18878617882728577,367.1944274902344,112.60855102539062,78.4277114868164,0.918093204498291,4959,0.3,conformal,,0.022241264581680298,0.7965367965367965,0.8406139315230224,2716.8458008766174,0.01269388198852539,2716.8303813934326,hit
0.84,common_validation_conformal_084,SDWPF-SCADA,44,MLP-QR,5,0.8328872795969773,0.16353653371334076,374.01177978515625,110.84644317626953,72.99861907958984,0.9206364750862122,1893,,,conformal,0.03497341275215149,0.8016528925619835,0.8406139315230224,2716.8458008766174,0.01269388198852539,2716.8303813934326,hit
0.84,common_validation_conformal_084,SDWPF-SCADA,44,LSTM-QR,3,0.8251731738035264,0.15357305109500885,357.4844970703125,103.54729461669922,63.544681549072266,0.9307444095611572,9157,,,conformal,0.07051590085029602,0.7666273120818575,0.8406139315230224,2716.8458008766174,0.01269388198852539,2716.8303813934326,hit
0.84,common_validation_conformal_084,SDWPF-SCADA,44,GRU-QR,2,0.7889641057934509,0.13123080134391785,347.1535339355469,104.29281616210938,63.411415100097656,0.9297435879707336,7045,,,conformal,0.05257159471511841,0.7863046044864227,0.8406139315230224,2716.8458008766174,0.01269388198852539,2716.8303813934326,hit
0.84,common_validation_conformal_084,SDWPF-SCADA,44,CNN-QR,7,0.8746851385390428,0.22765704989433289,450.9759521484375,108.22039031982422,69.05136108398438,0.9243523478507996,3525,,,conformal,0.05763322114944458,0.7977174340810704,0.8406139315230224,2716.8458008766174,0.01269388198852539,2716.8303813934326,hit
0.84,common_validation_conformal_084,SDWPF-SCADA,44,Transformer-QR,1,0.8479219143576826,0.14539097249507904,342.04498291015625,104.4690933227539,64.59053039550781,0.9295058846473694,17797,,,conformal,0.08755247294902802,0.7367178276269185,0.8406139315230224,2716.8458008766174,0.01269388198852539,2716.8303813934326,hit
0.84,common_validation_conformal_084,SDWPF-SCADA,44,SQR,6,0.8799590680100756,0.19101032614707947,396.30908203125,112.85579681396484,74.89131164550781,0.9177331328392029,1793,,,conformal,0.10134941339492798,0.7331759149940968,0.8406139315230224,2716.8458008766174,0.01269388198852539,2716.8303813934326,hit
0.84,common_validation_conformal_084,SDWPF-SCADA,44,LUBE-NN,9,0.8827141057934509,0.23436342179775238,483.35302734375,119.9579849243164,75.13777923583984,0.9070529341697693,1893,,,conformal,0.4342215359210968,0.0019677292404565133,0.8406139315230224,2716.8458008766174,0.01269388198852539,2716.8303813934326,hit
0.84,common_validation_conformal_084,SDWPF-SCADA,44,RQR-MLP,10,0.9814231738035264,0.32768189907073975,514.5703125,106.16107177734375,66.22991943359375,0.9272039532661438,1893,,,conformal,0.0,0.9759937032664305,0.9759937032664305,2716.8458008766174,0.01269388198852539,2716.8303813934326,hit
0.84,common_validation_conformal_084,SDWPF-SCADA,44,KDE,8,0.8687027707808564,0.22668513655662537,451.4404602050781,108.5242919921875,67.15109252929688,0.9239268898963928,0,,,conformal,0.046133026480674744,0.8044077134986226,0.8406139315230224,2716.8458008766174,0.01269388198852539,2716.8303813934326,hit
0.86,common_validation_conformal_086,SDWPF-SCADA,44,Proposed model,4,0.8483154911838791,0.1984024941921234,369.3233642578125,112.60855102539062,78.4277114868164,0.918093204498291,4959,0.3,conformal,,0.040085867047309875,0.7965367965367965,0.8606847697756789,2716.8458008766174,0.01269388198852539,2716.8303813934326,hit
0.86,common_validation_conformal_086,SDWPF-SCADA,44,MLP-QR,5,0.8641372795969773,0.18293993175029755,381.2503967285156,110.84644317626953,72.99861907958984,0.9206364750862122,1893,,,conformal,0.07097947597503662,0.8016528925619835,0.8606847697756789,2716.8458008766174,0.01269388198852539,2716.8303813934326,hit
0.86,common_validation_conformal_086,SDWPF-SCADA,44,LSTM-QR,3,0.8508343828715366,0.16871921718120575,361.9226379394531,103.54729461669922,63.544681549072266,0.9307444095611572,9157,,,conformal,0.09862202405929565,0.7666273120818575,0.8606847697756789,2716.8458008766174,0.01269388198852539,2716.8303813934326,hit
0.86,common_validation_conformal_086,SDWPF-SCADA,44,GRU-QR,2,0.8218671284634761,0.1455150842666626,347.81658935546875,104.29281616210938,63.411415100097656,0.9297435879707336,7045,,,conformal,0.07907837629318237,0.7863046044864227,0.8606847697756789,2716.8458008766174,0.01269388198852539,2716.8303813934326,hit
0.86,common_validation_conformal_086,SDWPF-SCADA,44,CNN-QR,7,0.8949149874055415,0.24287277460098267,460.7565002441406,108.22039031982422,69.05136108398438,0.9243523478507996,3525,,,conformal,0.08586835861206055,0.7977174340810704,0.8606847697756789,2716.8458008766174,0.01269388198852539,2716.8303813934326,hit
0.86,common_validation_conformal_086,SDWPF-SCADA,44,Transformer-QR,1,0.8646095717884131,0.1569913923740387,347.0386047363281,104.4690933227539,64.59053039550781,0.9295058846473694,17797,,,conformal,0.10907888412475586,0.7367178276269185,0.8606847697756789,2716.8458008766174,0.01269388198852539,2716.8303813934326,hit
0.86,common_validation_conformal_086,SDWPF-SCADA,44,SQR,6,0.9012122166246851,0.2102440595626831,409.4468994140625,112.85579681396484,74.89131164550781,0.9177331328392029,1793,,,conformal,0.13704067468643188,0.7331759149940968,0.8606847697756789,2716.8458008766174,0.01269388198852539,2716.8303813934326,hit
0.86,common_validation_conformal_086,SDWPF-SCADA,44,LUBE-NN,9,0.898221032745592,0.25530916452407837,497.778564453125,119.9579849243164,75.13777923583984,0.9070529341697693,1893,,,conformal,0.47308969497680664,0.0019677292404565133,0.8606847697756789,2716.8458008766174,0.01269388198852539,2716.8303813934326,hit
0.86,common_validation_conformal_086,SDWPF-SCADA,44,RQR-MLP,10,0.9814231738035264,0.32768189907073975,514.5703125,106.16107177734375,66.22991943359375,0.9272039532661438,1893,,,conformal,0.0,0.9759937032664305,0.9759937032664305,2716.8458008766174,0.01269388198852539,2716.8303813934326,hit
0.86,common_validation_conformal_086,SDWPF-SCADA,44,KDE,8,0.9012909319899244,0.2485094517469406,465.80975341796875,108.5242919921875,67.15109252929688,0.9239268898963928,0,,,conformal,0.08663158118724823,0.8044077134986226,0.8606847697756789,2716.8458008766174,0.01269388198852539,2716.8303813934326,hit
0.88,common_validation_conformal_088,SDWPF-SCADA,44,Proposed model,4,0.8836586901763224,0.20871034264564514,374.5167541503906,112.60855102539062,78.4277114868164,0.918093204498291,4959,0.3,conformal,,0.05921369791030884,0.7965367965367965,0.880362062180244,2716.8458008766174,0.01269388198852539,2716.8303813934326,hit
0.88,common_validation_conformal_088,SDWPF-SCADA,44,MLP-QR,5,0.8854691435768262,0.19763121008872986,389.61688232421875,110.84644317626953,72.99861907958984,0.9206364750862122,1893,,,conformal,0.09824144840240479,0.8016528925619835,0.880362062180244,2716.8458008766174,0.01269388198852539,2716.8303813934326,hit
0.88,common_validation_conformal_088,SDWPF-SCADA,44,LSTM-QR,3,0.8685453400503779,0.18201318383216858,367.98040771484375,103.54729461669922,63.544681549072266,0.9307444095611572,9157,,,conformal,0.12329107522964478,0.7666273120818575,0.880362062180244,2716.8458008766174,0.01269388198852539,2716.8303813934326,hit
0.88,common_validation_conformal_088,SDWPF-SCADA,44,GRU-QR,1,0.8515428211586902,0.1633361130952835,352.81170654296875,104.29281616210938,63.411415100097656,0.9297435879707336,7045,,,conformal,0.11214810609817505,0.7863046044864227,0.880362062180244,2716.8458008766174,0.01269388198852539,2716.8303813934326,hit
0.88,common_validation_conformal_088,SDWPF-SCADA,44,CNN-QR,7,0.9162468513853904,0.2640429735183716,477.7012023925781,108.22039031982422,69.05136108398438,0.9243523478507996,3525,,,conformal,0.1251530647277832,0.7977174340810704,0.880362062180244,2716.8458008766174,0.01269388198852539,2716.8303813934326,hit
0.88,common_validation_conformal_088,SDWPF-SCADA,44,Transformer-QR,2,0.8759445843828715,0.16783805191516876,352.8391418457031,104.4690933227539,64.59053039550781,0.9295058846473694,17797,,,conformal,0.12920653820037842,0.7367178276269185,0.880362062180244,2716.8458008766174,0.01269388198852539,2716.8303813934326,hit
0.88,common_validation_conformal_088,SDWPF-SCADA,44,SQR,6,0.9175850125944585,0.2291467934846878,425.25341796875,112.85579681396484,74.89131164550781,0.9177331328392029,1793,,,conformal,0.17211765050888062,0.7331759149940968,0.880362062180244,2716.8458008766174,0.01269388198852539,2716.8303813934326,hit
0.88,common_validation_conformal_088,SDWPF-SCADA,44,LUBE-NN,10,0.9141215365239295,0.2809344530105591,518.5103149414062,119.9579849243164,75.13777923583984,0.9070529341697693,1893,,,conformal,0.5206415057182312,0.0019677292404565133,0.880362062180244,2716.8458008766174,0.01269388198852539,2716.8303813934326,hit
0.88,common_validation_conformal_088,SDWPF-SCADA,44,RQR-MLP,9,0.9814231738035264,0.32768189907073975,514.5703125,106.16107177734375,66.22991943359375,0.9272039532661438,1893,,,conformal,0.0,0.9759937032664305,0.9759937032664305,2716.8458008766174,0.01269388198852539,2716.8303813934326,hit
0.88,common_validation_conformal_088,SDWPF-SCADA,44,KDE,8,0.9176637279596978,0.2660852074623108,480.4550476074219,108.5242919921875,67.15109252929688,0.9239268898963928,0,,,conformal,0.11924618482589722,0.8044077134986226,0.880362062180244,2716.8458008766174,0.01269388198852539,2716.8303813934326,hit
